,Indicator,Type,Organization,Rating,Confidence,DateAdded,Description,Source,Tags
0,36.89.98.183,Address,abuse.ch Feodo Tracker,3.0,50,2021-08-01T22:15:02Z,0,0,0
1,103.253.107.156,Address,abuse.ch Feodo Tracker,3.0,50,2021-08-01T22:15:02Z,0,0,0
2,103.140.207.110,Address,abuse.ch Feodo Tracker,3.0,50,2021-08-01T22:15:02Z,0,0,0
3,116.203.25.236,Address,abuse.ch Feodo Tracker,3.0,50,2021-08-01T22:15:02Z,0,0,0
4,103.109.247.13,Address,abuse.ch Feodo Tracker,3.0,50,2021-08-01T22:15:02Z,0,0,0
5,197.156.129.250,Address,abuse.ch Feodo Tracker,3.0,50,2021-08-01T22:15:02Z,0,0,0
6,70.50.107.129,Address,Rutgers Attacker IPs,3.0,89,2021-08-02T02:50:02Z,0,0,0
7,177.36.13.83,Address,Rutgers Attacker IPs,3.0,89,2021-08-02T02:50:02Z,0,0,0
8,187.170.236.64,Address,Rutgers Attacker IPs,3.0,89,2021-08-02T02:50:02Z,0,0,0
9,88.12.55.186,Address,Rutgers Attacker IPs,3.0,89,2021-08-02T02:50:02Z,0,0,0
10,138.197.174.231,Address,Rutgers Attacker IPs,3.0,89,2021-08-02T02:50:02Z,0,0,0
11,192.140.87.193,Address,Rutgers Attacker IPs,3.0,89,2021-08-02T02:50:02Z,0,0,0
12,82.156.203.182,Address,Rutgers Attacker IPs,3.0,89,2021-08-02T02:50:02Z,0,0,0
13,1.117.104.152,Address,Rutgers Attacker IPs,3.0,89,2021-08-02T02:50:02Z,0,0,0
14,103.198.11.204,Address,Rutgers Attacker IPs,3.0,89,2021-08-02T02:50:02Z,0,0,0
15,1.83.158.148,Address,Rutgers Attacker IPs,3.0,89,2021-08-02T02:50:02Z,0,0,0
16,1.15.64.138,Address,Rutgers Attacker IPs,3.0,89,2021-08-02T02:50:02Z,0,0,0
17,47.9.112.142,Address,Rutgers Attacker IPs,3.0,89,2021-08-02T02:50:02Z,0,0,0
18,54.39.226.32,Address,Rutgers Attacker IPs,3.0,89,2021-08-02T02:50:02Z,0,0,0
19,124.121.191.41,Address,Rutgers Attacker IPs,3.0,89,2021-08-02T02:50:02Z,0,0,0
20,192.140.29.161,Address,Rutgers Attacker IPs,3.0,89,2021-08-02T02:50:02Z,0,0,0
21,163.172.177.22,Address,Rutgers Attacker IPs,3.0,89,2021-08-02T02:50:02Z,0,0,0
22,68.183.121.81,Address,Rutgers Attacker IPs,3.0,89,2021-08-02T02:50:02Z,0,0,0
23,49.234.22.34,Address,Rutgers Attacker IPs,3.0,89,2021-08-02T02:50:02Z,0,0,0
24,180.241.46.255,Address,Rutgers Attacker IPs,3.0,89,2021-08-02T02:50:02Z,0,0,0
25,116.98.168.221,Address,Rutgers Attacker IPs,3.0,89,2021-08-02T02:50:02Z,0,0,0
26,45.249.82.213,Address,Rutgers Attacker IPs,3.0,89,2021-08-02T02:50:02Z,0,0,0
27,107.189.1.130,Address,Rutgers Attacker IPs,3.0,89,2021-08-02T02:50:02Z,0,0,0
28,194.163.135.121,Address,Rutgers Attacker IPs,3.0,89,2021-08-02T02:50:02Z,0,0,0
29,177.10.240.254,Address,Rutgers Attacker IPs,3.0,89,2021-08-02T02:50:02Z,0,0,0
30,106.75.168.32,Address,Rutgers Attacker IPs,3.0,89,2021-08-02T02:50:02Z,0,0,0
31,198.204.225.194,Address,Rutgers Attacker IPs,3.0,89,2021-08-02T02:50:02Z,0,0,0
32,1.117.159.163,Address,Rutgers Attacker IPs,3.0,89,2021-08-02T02:50:02Z,0,0,0
33,176.123.10.208,Address,Rutgers Attacker IPs,3.0,89,2021-08-02T02:50:02Z,0,0,0
34,45.6.27.217,Address,Rutgers Attacker IPs,3.0,89,2021-08-02T02:50:02Z,0,0,0
35,134.122.57.194,Address,Rutgers Attacker IPs,3.0,89,2021-08-02T02:50:02Z,0,0,0
36,196.0.122.222,Address,Rutgers Attacker IPs,3.0,89,2021-08-02T02:50:02Z,0,0,0
37,111.192.97.143,Address,Rutgers Attacker IPs,3.0,89,2021-08-02T02:50:02Z,0,0,0
38,113.128.35.183,Address,Rutgers Attacker IPs,3.0,89,2021-08-02T02:50:02Z,0,0,0
39,198.12.86.54,Address,Rutgers Attacker IPs,3.0,89,2021-08-02T02:50:02Z,0,0,0
40,116.110.64.173,Address,Rutgers Attacker IPs,3.0,89,2021-08-02T02:50:02Z,0,0,0
41,221.124.122.47,Address,Rutgers Attacker IPs,3.0,89,2021-08-02T02:50:02Z,0,0,0
42,93.183.151.72,Address,Rutgers Attacker IPs,3.0,89,2021-08-02T02:50:02Z,0,0,0
43,181.174.144.78,Address,Rutgers Attacker IPs,3.0,89,2021-08-02T02:50:02Z,0,0,0
44,209.141.43.141,Address,Rutgers Attacker IPs,3.0,89,2021-08-02T02:50:02Z,0,0,0
45,117.66.140.22,Address,Rutgers Attacker IPs,3.0,89,2021-08-02T02:50:02Z,0,0,0
46,138.36.201.159,Address,Rutgers Attacker IPs,3.0,89,2021-08-02T02:50:02Z,0,0,0
47,205.185.122.230,Address,Rutgers Attacker IPs,3.0,89,2021-08-02T02:50:02Z,0,0,0
48,116.99.165.230,Address,Rutgers Attacker IPs,3.0,89,2021-08-02T02:50:02Z,0,0,0
49,124.122.65.245,Address,Rutgers Attacker IPs,3.0,89,2021-08-02T02:50:02Z,0,0,0
50,205.185.114.57,Address,Rutgers Attacker IPs,3.0,89,2021-08-02T02:50:02Z,0,0,0
51,51.222.85.90,Address,Rutgers Attacker IPs,3.0,89,2021-08-02T02:50:02Z,0,0,0
52,177.129.206.31,Address,Rutgers Attacker IPs,3.0,89,2021-08-02T02:50:02Z,0,0,0
53,209.141.42.210,Address,Rutgers Attacker IPs,3.0,89,2021-08-02T02:50:02Z,0,0,0
54,171.96.100.5,Address,Rutgers Attacker IPs,3.0,89,2021-08-02T02:50:02Z,0,0,0
55,205.185.121.155,Address,Rutgers Attacker IPs,3.0,89,2021-08-02T02:50:02Z,0,0,0
56,181.234.11.225,Address,Rutgers Attacker IPs,3.0,89,2021-08-02T02:50:02Z,0,0,0
57,113.242.110.92,Address,Rutgers Attacker IPs,3.0,89,2021-08-02T02:50:02Z,0,0,0
58,82.174.167.95,Address,Rutgers Attacker IPs,3.0,89,2021-08-02T02:50:02Z,0,0,0
59,42.193.16.158,Address,Rutgers Attacker IPs,3.0,89,2021-08-02T02:50:02Z,0,0,0
60,118.99.76.128,Address,Rutgers Attacker IPs,3.0,89,2021-08-02T02:50:02Z,0,0,0
61,116.105.193.21,Address,Rutgers Attacker IPs,3.0,89,2021-08-02T02:50:02Z,0,0,0
62,124.120.80.23,Address,Rutgers Attacker IPs,3.0,89,2021-08-02T02:50:02Z,0,0,0
63,176.42.38.177,Address,Rutgers Attacker IPs,3.0,89,2021-08-02T02:50:02Z,0,0,0
64,116.179.37.14,Address,Rutgers Attacker IPs,3.0,89,2021-08-02T02:50:02Z,0,0,0
65,149.56.200.202,Address,Rutgers Attacker IPs,3.0,89,2021-08-02T02:50:02Z,0,0,0
66,1.14.43.165,Address,Rutgers Attacker IPs,3.0,89,2021-08-02T02:50:02Z,0,0,0
67,118.136.53.24,Address,Rutgers Attacker IPs,3.0,89,2021-08-02T02:50:02Z,0,0,0
68,209.141.45.246,Address,Rutgers Attacker IPs,3.0,89,2021-08-02T02:50:02Z,0,0,0
69,122.181.122.95,Address,Rutgers Attacker IPs,3.0,89,2021-08-02T02:50:02Z,0,0,0
70,49.232.158.212,Address,Rutgers Attacker IPs,3.0,89,2021-08-02T02:50:02Z,0,0,0
71,209.141.40.210,Address,Rutgers Attacker IPs,3.0,89,2021-08-02T02:50:02Z,0,0,0
72,186.7.21.171,Address,Rutgers Attacker IPs,3.0,89,2021-08-02T02:50:02Z,0,0,0
73,175.139.227.242,Address,Rutgers Attacker IPs,3.0,89,2021-08-02T02:50:02Z,0,0,0
74,70.184.221.106,Address,Rutgers Attacker IPs,3.0,89,2021-08-02T02:50:02Z,0,0,0
75,165.232.177.211,Address,Rutgers Attacker IPs,3.0,89,2021-08-02T02:50:02Z,0,0,0
76,205.185.122.135,Address,Rutgers Attacker IPs,3.0,89,2021-08-02T02:50:02Z,0,0,0
77,180.184.64.121,Address,Rutgers Attacker IPs,3.0,89,2021-08-02T02:50:02Z,0,0,0
78,158.101.88.5,Address,Rutgers Attacker IPs,3.0,89,2021-08-02T02:50:02Z,0,0,0
79,182.99.223.110,Address,Rutgers Attacker IPs,3.0,89,2021-08-02T02:50:02Z,0,0,0
80,105.155.254.205,Address,Rutgers Attacker IPs,3.0,89,2021-08-02T02:50:02Z,0,0,0
81,36.63.83.112,Address,Rutgers Attacker IPs,3.0,89,2021-08-02T02:50:02Z,0,0,0
82,213.202.238.24,Address,Rutgers Attacker IPs,3.0,89,2021-08-02T02:50:02Z,0,0,0
83,188.127.230.100,Address,Rutgers Attacker IPs,3.0,89,2021-08-02T02:50:02Z,0,0,0
84,200.232.15.41,Address,Rutgers Attacker IPs,3.0,89,2021-08-02T02:50:02Z,0,0,0
85,168.138.51.203,Address,Rutgers Attacker IPs,3.0,89,2021-08-02T02:50:02Z,0,0,0
86,115.73.37.63,Address,Rutgers Attacker IPs,3.0,89,2021-08-02T02:50:02Z,0,0,0
87,210.16.88.214,Address,Rutgers Attacker IPs,3.0,89,2021-08-02T02:50:02Z,0,0,0
88,42.201.212.2,Address,Rutgers Attacker IPs,3.0,89,2021-08-02T02:50:02Z,0,0,0
89,41.218.196.141,Address,Rutgers Attacker IPs,3.0,89,2021-08-02T02:50:02Z,0,0,0
90,186.154.37.215,Address,Rutgers Attacker IPs,3.0,89,2021-08-02T02:50:02Z,0,0,0
91,220.181.108.184,Address,Rutgers Attacker IPs,3.0,89,2021-08-02T02:50:02Z,0,0,0
92,68.183.116.151,Address,Rutgers Attacker IPs,3.0,89,2021-08-02T02:50:02Z,0,0,0
93,104.244.77.4,Address,Rutgers Attacker IPs,3.0,89,2021-08-02T02:50:02Z,0,0,0
94,199.195.253.187,Address,Rutgers Attacker IPs,3.0,89,2021-08-02T02:50:02Z,0,0,0
95,152.32.129.20,Address,Rutgers Attacker IPs,3.0,89,2021-08-02T02:50:02Z,0,0,0
96,72.49.255.174,Address,Rutgers Attacker IPs,3.0,89,2021-08-02T02:50:02Z,0,0,0
97,192.241.144.225,Address,Rutgers Attacker IPs,3.0,89,2021-08-02T02:50:02Z,0,0,0
98,211.253.38.188,Address,Rutgers Attacker IPs,3.0,89,2021-08-02T02:50:02Z,0,0,0
99,103.43.76.35,Address,Rutgers Attacker IPs,3.0,89,2021-08-02T02:50:02Z,0,0,0
100,124.121.182.233,Address,Rutgers Attacker IPs,3.0,89,2021-08-02T02:50:02Z,0,0,0
101,124.121.110.137,Address,Rutgers Attacker IPs,3.0,89,2021-08-02T02:50:02Z,0,0,0
102,104.223.95.112,Address,Rutgers Attacker IPs,3.0,89,2021-08-02T02:50:02Z,0,0,0
103,123.232.36.179,Address,Rutgers Attacker IPs,3.0,89,2021-08-02T02:50:02Z,0,0,0
104,14.229.62.124,Address,Rutgers Attacker IPs,3.0,89,2021-08-02T02:50:02Z,0,0,0
105,143.110.146.186,Address,Rutgers Attacker IPs,3.0,89,2021-08-02T02:50:02Z,0,0,0
106,1.145.26.202,Address,Rutgers Attacker IPs,3.0,89,2021-08-02T02:50:02Z,0,0,0
107,136.144.41.100,Address,Rutgers Attacker IPs,3.0,89,2021-08-02T02:50:02Z,0,0,0
108,42.193.98.218,Address,Rutgers Attacker IPs,3.0,89,2021-08-02T02:50:02Z,0,0,0
109,171.96.24.15,Address,Rutgers Attacker IPs,3.0,89,2021-08-02T02:50:02Z,0,0,0
110,116.110.102.95,Address,Rutgers Attacker IPs,3.0,89,2021-08-02T02:50:02Z,0,0,0
111,77.65.34.101,Address,Rutgers Attacker IPs,3.0,89,2021-08-02T02:50:02Z,0,0,0
112,205.185.117.112,Address,Rutgers Attacker IPs,3.0,89,2021-08-02T02:50:02Z,0,0,0
113,103.225.58.62,Address,Rutgers Attacker IPs,3.0,89,2021-08-02T02:50:02Z,0,0,0
114,113.253.50.57,Address,Rutgers Attacker IPs,3.0,89,2021-08-02T02:50:02Z,0,0,0
115,167.86.114.176,Address,Rutgers Attacker IPs,3.0,89,2021-08-02T02:50:02Z,0,0,0
116,182.52.31.7,Address,Rutgers Attacker IPs,3.0,89,2021-08-02T02:50:02Z,0,0,0
117,209.141.46.232,Address,Rutgers Attacker IPs,3.0,89,2021-08-02T02:50:02Z,0,0,0
118,203.3.118.240,Address,Rutgers Attacker IPs,3.0,89,2021-08-02T02:50:02Z,0,0,0
119,45.183.93.140,Address,Rutgers Attacker IPs,3.0,89,2021-08-02T02:50:02Z,0,0,0
120,162.248.52.82,Address,Rutgers Attacker IPs,3.0,89,2021-08-02T02:50:02Z,0,0,0
121,103.59.58.9,Address,Rutgers Attacker IPs,3.0,89,2021-08-02T02:50:02Z,0,0,0
122,183.157.169.131,Address,Rutgers Attacker IPs,3.0,89,2021-08-02T02:50:02Z,0,0,0
123,161.35.182.127,Address,Rutgers Attacker IPs,3.0,89,2021-08-02T02:50:02Z,0,0,0
124,3.16.215.72,Address,Rutgers Attacker IPs,3.0,89,2021-08-02T02:50:02Z,0,0,0
125,73.240.214.34,Address,Rutgers Attacker IPs,3.0,89,2021-08-02T02:50:02Z,0,0,0
126,192.241.205.130,Address,Rutgers Attacker IPs,3.0,89,2021-08-02T02:50:02Z,0,0,0
127,116.3.197.157,Address,Rutgers Attacker IPs,3.0,89,2021-08-02T02:50:02Z,0,0,0
128,186.249.85.34,Address,Rutgers Attacker IPs,3.0,89,2021-08-02T02:50:02Z,0,0,0
129,106.52.96.130,Address,Rutgers Attacker IPs,3.0,89,2021-08-02T02:50:02Z,0,0,0
130,116.179.37.199,Address,Rutgers Attacker IPs,3.0,89,2021-08-02T02:50:02Z,0,0,0
131,116.98.171.44,Address,Rutgers Attacker IPs,3.0,89,2021-08-02T02:50:02Z,0,0,0
132,36.134.103.92,Address,Rutgers Attacker IPs,3.0,89,2021-08-02T02:50:02Z,0,0,0
133,87.169.82.233,Address,Rutgers Attacker IPs,3.0,89,2021-08-02T02:50:02Z,0,0,0
134,2.82.168.91,Address,Rutgers Attacker IPs,3.0,89,2021-08-02T02:50:02Z,0,0,0
135,106.208.72.31,Address,Rutgers Attacker IPs,3.0,89,2021-08-02T02:50:02Z,0,0,0
136,71.95.196.110,Address,Rutgers Attacker IPs,3.0,89,2021-08-02T02:50:02Z,0,0,0
137,116.110.100.14,Address,Rutgers Attacker IPs,3.0,89,2021-08-02T02:50:02Z,0,0,0
138,124.121.232.85,Address,Rutgers Attacker IPs,3.0,89,2021-08-02T02:50:02Z,0,0,0
139,186.123.119.115,Address,Rutgers Attacker IPs,3.0,89,2021-08-02T02:50:02Z,0,0,0
140,200.29.240.11,Address,Rutgers Attacker IPs,3.0,89,2021-08-02T02:50:02Z,0,0,0
141,177.85.132.90,Address,Rutgers Attacker IPs,3.0,89,2021-08-02T02:50:02Z,0,0,0
142,222.223.204.179,Address,Rutgers Attacker IPs,3.0,89,2021-08-02T02:50:02Z,0,0,0
143,112.134.198.38,Address,Rutgers Attacker IPs,3.0,89,2021-08-02T02:50:02Z,0,0,0
144,192.241.207.10,Address,Rutgers Attacker IPs,3.0,89,2021-08-02T02:50:02Z,0,0,0
145,182.52.155.130,Address,Rutgers Attacker IPs,3.0,89,2021-08-02T02:50:02Z,0,0,0
146,47.229.249.88,Address,Rutgers Attacker IPs,3.0,89,2021-08-02T02:50:02Z,0,0,0
147,190.99.228.139,Address,Rutgers Attacker IPs,3.0,89,2021-08-02T02:50:02Z,0,0,0
148,93.234.140.251,Address,Rutgers Attacker IPs,3.0,89,2021-08-02T02:50:02Z,0,0,0
149,223.247.145.222,Address,Rutgers Attacker IPs,3.0,89,2021-08-02T02:50:02Z,0,0,0
150,104.34.112.156,Address,Rutgers Attacker IPs,3.0,89,2021-08-02T02:50:02Z,0,0,0
151,180.76.100.233,Address,Rutgers Attacker IPs,3.0,89,2021-08-02T02:50:02Z,0,0,0
152,45.139.102.19,Address,Rutgers Attacker IPs,3.0,89,2021-08-02T02:50:02Z,0,0,0
153,199.195.248.123,Address,Rutgers Attacker IPs,3.0,89,2021-08-02T02:50:02Z,0,0,0
154,106.13.6.113,Address,Rutgers Attacker IPs,3.0,89,2021-08-02T02:50:02Z,0,0,0
155,34.67.145.170,Address,Rutgers Attacker IPs,3.0,89,2021-08-02T02:50:02Z,0,0,0
156,14.248.255.139,Address,Rutgers Attacker IPs,3.0,89,2021-08-02T02:50:02Z,0,0,0
157,114.95.250.230,Address,Rutgers Attacker IPs,3.0,89,2021-08-02T02:50:02Z,0,0,0
158,222.75.12.66,Address,Rutgers Attacker IPs,3.0,89,2021-08-02T02:50:02Z,0,0,0
159,45.168.31.184,Address,Rutgers Attacker IPs,3.0,89,2021-08-02T02:50:02Z,0,0,0
160,110.169.145.32,Address,Rutgers Attacker IPs,3.0,89,2021-08-02T02:50:02Z,0,0,0
161,40.83.176.119,Address,Rutgers Attacker IPs,3.0,89,2021-08-02T02:50:02Z,0,0,0
162,8.39.127.122,Address,Rutgers Attacker IPs,3.0,89,2021-08-02T02:50:02Z,0,0,0
163,113.88.240.222,Address,Rutgers Attacker IPs,3.0,89,2021-08-02T02:50:02Z,0,0,0
164,115.79.57.193,Address,Rutgers Attacker IPs,3.0,89,2021-08-02T02:50:02Z,0,0,0
165,27.7.63.178,Address,Rutgers Attacker IPs,3.0,89,2021-08-02T02:50:02Z,0,0,0
166,218.26.110.70,Address,Rutgers Attacker IPs,3.0,89,2021-08-02T02:50:02Z,0,0,0
167,111.118.144.8,Address,Rutgers Attacker IPs,3.0,89,2021-08-02T02:50:02Z,0,0,0
168,209.141.59.228,Address,Rutgers Attacker IPs,3.0,89,2021-08-02T02:50:02Z,0,0,0
169,178.128.114.80,Address,Rutgers Attacker IPs,3.0,89,2021-08-02T02:50:02Z,0,0,0
170,107.189.4.10,Address,Rutgers Attacker IPs,3.0,89,2021-08-02T02:50:02Z,0,0,0
171,197.53.11.45,Address,Rutgers Attacker IPs,3.0,89,2021-08-02T02:50:02Z,0,0,0
172,104.244.74.89,Address,Rutgers Attacker IPs,3.0,89,2021-08-02T02:50:02Z,0,0,0
173,112.133.232.85,Address,Rutgers Attacker IPs,3.0,89,2021-08-02T02:50:02Z,0,0,0
174,186.43.32.98,Address,Rutgers Attacker IPs,3.0,89,2021-08-02T02:50:02Z,0,0,0
175,86.96.55.217,Address,Rutgers Attacker IPs,3.0,89,2021-08-02T02:50:02Z,0,0,0
176,186.216.71.119,Address,Rutgers Attacker IPs,3.0,89,2021-08-02T02:50:02Z,0,0,0
177,124.112.179.247,Address,Rutgers Attacker IPs,3.0,89,2021-08-02T02:50:02Z,0,0,0
178,185.227.243.97,Address,Rutgers Attacker IPs,3.0,89,2021-08-02T02:50:02Z,0,0,0
179,117.199.235.95,Address,Rutgers Attacker IPs,3.0,89,2021-08-02T02:50:02Z,0,0,0
180,27.185.26.57,Address,Rutgers Attacker IPs,3.0,89,2021-08-02T02:50:02Z,0,0,0
181,1.162.191.241,Address,Rutgers Attacker IPs,3.0,89,2021-08-02T02:50:02Z,0,0,0
182,118.24.96.173,Address,Rutgers Attacker IPs,3.0,89,2021-08-02T02:50:02Z,0,0,0
183,208.113.171.183,Address,Rutgers Attacker IPs,3.0,89,2021-08-02T02:50:02Z,0,0,0
184,207.154.207.53,Address,Rutgers Attacker IPs,3.0,89,2021-08-02T02:50:02Z,0,0,0
185,129.205.102.242,Address,Rutgers Attacker IPs,3.0,89,2021-08-02T02:50:02Z,0,0,0
186,69.141.154.118,Address,Rutgers Attacker IPs,3.0,89,2021-08-02T02:50:02Z,0,0,0
187,185.227.111.72,Address,Rutgers Attacker IPs,3.0,89,2021-08-02T02:50:02Z,0,0,0
188,221.224.251.178,Address,Rutgers Attacker IPs,3.0,89,2021-08-02T02:50:02Z,0,0,0
189,27.150.252.165,Address,Rutgers Attacker IPs,3.0,89,2021-08-02T02:50:02Z,0,0,0
190,45.164.200.146,Address,Rutgers Attacker IPs,3.0,89,2021-08-02T02:50:02Z,0,0,0
191,93.77.134.101,Address,Rutgers Attacker IPs,3.0,89,2021-08-02T02:50:02Z,0,0,0
192,177.21.212.238,Address,Rutgers Attacker IPs,3.0,89,2021-08-02T02:50:02Z,0,0,0
193,132.157.66.61,Address,Rutgers Attacker IPs,3.0,89,2021-08-02T02:50:02Z,0,0,0
194,114.255.222.198,Address,Rutgers Attacker IPs,3.0,89,2021-08-02T02:50:02Z,0,0,0
195,218.78.45.199,Address,Rutgers Attacker IPs,3.0,89,2021-08-02T02:50:02Z,0,0,0
196,3.128.246.202,Address,Rutgers Attacker IPs,3.0,89,2021-08-02T02:50:02Z,0,0,0
197,107.189.1.94,Address,Rutgers Attacker IPs,3.0,89,2021-08-02T02:50:02Z,0,0,0
198,143.198.140.96,Address,Rutgers Attacker IPs,3.0,89,2021-08-02T02:50:02Z,0,0,0
199,148.255.72.49,Address,Rutgers Attacker IPs,3.0,89,2021-08-02T02:50:02Z,0,0,0
200,151.38.54.150,Address,Rutgers Attacker IPs,3.0,89,2021-08-02T02:50:02Z,0,0,0
201,141.105.69.178,Address,Rutgers Attacker IPs,3.0,89,2021-08-02T02:50:02Z,0,0,0
202,114.6.72.66,Address,Rutgers Attacker IPs,3.0,89,2021-08-02T02:50:02Z,0,0,0
203,171.101.225.16,Address,Rutgers Attacker IPs,3.0,89,2021-08-02T02:50:02Z,0,0,0
204,79.84.114.36,Address,Rutgers Attacker IPs,3.0,89,2021-08-02T02:50:02Z,0,0,0
205,205.185.119.131,Address,Rutgers Attacker IPs,3.0,89,2021-08-02T02:50:02Z,0,0,0
206,117.184.71.78,Address,Rutgers Attacker IPs,3.0,89,2021-08-02T02:50:02Z,0,0,0
207,223.207.242.48,Address,Rutgers Attacker IPs,3.0,89,2021-08-02T02:50:02Z,0,0,0
208,178.128.166.56,Address,Rutgers Attacker IPs,3.0,89,2021-08-02T02:50:02Z,0,0,0
209,131.72.29.150,Address,Rutgers Attacker IPs,3.0,89,2021-08-02T02:50:02Z,0,0,0
210,186.236.107.171,Address,Rutgers Attacker IPs,3.0,89,2021-08-02T02:50:02Z,0,0,0
211,184.168.46.162,Address,Rutgers Attacker IPs,3.0,89,2021-08-02T02:50:02Z,0,0,0
212,50.62.208.138,Address,Rutgers Attacker IPs,3.0,89,2021-08-02T02:50:02Z,0,0,0
213,195.175.108.134,Address,Rutgers Attacker IPs,3.0,89,2021-08-02T02:50:02Z,0,0,0
214,52.136.253.68,Address,Rutgers Attacker IPs,3.0,89,2021-08-02T02:50:02Z,0,0,0
215,60.216.38.254,Address,Rutgers Attacker IPs,3.0,89,2021-08-02T02:50:02Z,0,0,0
216,36.81.13.202,Address,Rutgers Attacker IPs,3.0,89,2021-08-02T02:50:02Z,0,0,0
217,177.134.114.132,Address,Rutgers Attacker IPs,3.0,89,2021-08-02T02:50:02Z,0,0,0
218,159.65.127.152,Address,Rutgers Attacker IPs,3.0,89,2021-08-02T02:50:02Z,0,0,0
219,89.221.216.123,Address,Rutgers Attacker IPs,3.0,89,2021-08-02T02:50:02Z,0,0,0
220,49.235.196.51,Address,Rutgers Attacker IPs,3.0,89,2021-08-02T02:50:02Z,0,0,0
221,116.179.37.93,Address,Rutgers Attacker IPs,3.0,89,2021-08-02T02:50:02Z,0,0,0
222,190.52.216.198,Address,Rutgers Attacker IPs,3.0,89,2021-08-02T02:50:02Z,0,0,0
223,124.121.131.241,Address,Rutgers Attacker IPs,3.0,89,2021-08-02T02:50:02Z,0,0,0
224,106.14.41.203,Address,Rutgers Attacker IPs,3.0,89,2021-08-02T02:50:02Z,0,0,0
225,72.167.190.47,Address,Rutgers Attacker IPs,3.0,89,2021-08-02T02:50:02Z,0,0,0
226,191.240.117.68,Address,Rutgers Attacker IPs,3.0,89,2021-08-02T02:50:02Z,0,0,0
227,194.113.73.82,Address,Rutgers Attacker IPs,3.0,89,2021-08-02T02:50:02Z,0,0,0
228,182.23.39.58,Address,Rutgers Attacker IPs,3.0,89,2021-08-02T02:50:02Z,0,0,0
229,219.154.81.148,Address,Rutgers Attacker IPs,3.0,89,2021-08-02T02:50:02Z,0,0,0
230,27.71.98.130,Address,Rutgers Attacker IPs,3.0,89,2021-08-02T02:50:02Z,0,0,0
231,202.80.213.169,Address,Rutgers Attacker IPs,3.0,89,2021-08-02T02:50:02Z,0,0,0
232,205.185.125.212,Address,Rutgers Attacker IPs,3.0,89,2021-08-02T02:50:02Z,0,0,0
233,123.25.78.176,Address,Rutgers Attacker IPs,3.0,89,2021-08-02T02:50:02Z,0,0,0
234,222.64.172.159,Address,Rutgers Attacker IPs,3.0,89,2021-08-02T02:50:02Z,0,0,0
235,103.229.73.117,Address,Rutgers Attacker IPs,3.0,89,2021-08-02T02:50:02Z,0,0,0
236,171.251.17.53,Address,Rutgers Attacker IPs,3.0,89,2021-08-02T02:50:02Z,0,0,0
237,187.103.111.200,Address,Rutgers Attacker IPs,3.0,89,2021-08-02T02:50:02Z,0,0,0
238,191.240.113.250,Address,Rutgers Attacker IPs,3.0,89,2021-08-02T02:50:02Z,0,0,0
239,77.13.60.247,Address,Rutgers Attacker IPs,3.0,89,2021-08-02T02:50:02Z,0,0,0
240,193.164.149.179,Address,Rutgers Attacker IPs,3.0,89,2021-08-02T02:50:02Z,0,0,0
241,47.242.189.242,Address,Rutgers Attacker IPs,3.0,89,2021-08-02T02:50:02Z,0,0,0
242,83.4.149.213,Address,Rutgers Attacker IPs,3.0,89,2021-08-02T02:50:02Z,0,0,0
243,129.205.195.6,Address,Rutgers Attacker IPs,3.0,89,2021-08-02T02:50:02Z,0,0,0
244,157.245.107.81,Address,Rutgers Attacker IPs,3.0,89,2021-08-02T02:50:02Z,0,0,0
245,113.161.186.9,Address,Rutgers Attacker IPs,3.0,89,2021-08-02T02:50:02Z,0,0,0
246,177.154.238.181,Address,Rutgers Attacker IPs,3.0,89,2021-08-02T02:50:02Z,0,0,0
247,159.203.166.93,Address,Rutgers Attacker IPs,3.0,89,2021-08-02T02:50:02Z,0,0,0
248,114.107.239.171,Address,Rutgers Attacker IPs,3.0,89,2021-08-02T02:50:02Z,0,0,0
249,221.237.93.174,Address,Rutgers Attacker IPs,3.0,89,2021-08-02T02:50:02Z,0,0,0
250,37.120.173.178,Address,Rutgers Attacker IPs,3.0,89,2021-08-02T02:50:02Z,0,0,0
251,98.209.250.29,Address,Rutgers Attacker IPs,3.0,89,2021-08-02T02:50:02Z,0,0,0
252,152.32.145.90,Address,Rutgers Attacker IPs,3.0,89,2021-08-02T02:50:02Z,0,0,0
253,177.212.53.244,Address,Rutgers Attacker IPs,3.0,89,2021-08-02T02:50:02Z,0,0,0
254,191.53.194.53,Address,Rutgers Attacker IPs,3.0,89,2021-08-02T02:50:02Z,0,0,0
255,40.68.103.10,Address,Rutgers Attacker IPs,3.0,89,2021-08-02T02:50:02Z,0,0,0
256,218.253.86.146,Address,Rutgers Attacker IPs,3.0,89,2021-08-02T02:50:02Z,0,0,0
257,59.33.137.14,Address,Rutgers Attacker IPs,3.0,89,2021-08-02T02:50:02Z,0,0,0
258,124.122.70.227,Address,Rutgers Attacker IPs,3.0,89,2021-08-02T02:50:02Z,0,0,0
259,177.87.68.224,Address,Rutgers Attacker IPs,3.0,89,2021-08-02T02:50:02Z,0,0,0
260,187.142.57.92,Address,Rutgers Attacker IPs,3.0,89,2021-08-02T02:50:02Z,0,0,0
261,203.112.211.126,Address,Rutgers Attacker IPs,3.0,89,2021-08-02T02:50:02Z,0,0,0
262,170.150.1.26,Address,Rutgers Attacker IPs,3.0,89,2021-08-02T02:50:02Z,0,0,0
263,181.174.144.43,Address,Rutgers Attacker IPs,3.0,89,2021-08-02T02:50:02Z,0,0,0
264,36.81.8.134,Address,Rutgers Attacker IPs,3.0,89,2021-08-02T02:50:02Z,0,0,0
265,78.37.125.18,Address,Rutgers Attacker IPs,3.0,89,2021-08-02T02:50:02Z,0,0,0
266,188.93.233.211,Address,Rutgers Attacker IPs,3.0,89,2021-08-02T02:50:02Z,0,0,0
267,50.66.173.104,Address,Rutgers Attacker IPs,3.0,89,2021-08-02T02:50:02Z,0,0,0
268,113.138.90.229,Address,Rutgers Attacker IPs,3.0,89,2021-08-02T02:50:02Z,0,0,0
269,47.102.133.27,Address,Rutgers Attacker IPs,3.0,89,2021-08-02T02:50:02Z,0,0,0
270,119.45.229.160,Address,Rutgers Attacker IPs,3.0,89,2021-08-02T02:50:02Z,0,0,0
271,124.121.85.56,Address,Rutgers Attacker IPs,3.0,89,2021-08-02T02:50:02Z,0,0,0
272,190.52.221.75,Address,Rutgers Attacker IPs,3.0,89,2021-08-02T02:50:02Z,0,0,0
273,42.192.42.104,Address,Rutgers Attacker IPs,3.0,89,2021-08-02T02:50:02Z,0,0,0
274,113.161.177.29,Address,Rutgers Attacker IPs,3.0,89,2021-08-02T02:50:02Z,0,0,0
275,78.37.177.59,Address,Rutgers Attacker IPs,3.0,89,2021-08-02T02:50:02Z,0,0,0
276,13.93.162.155,Address,Rutgers Attacker IPs,3.0,89,2021-08-02T02:50:02Z,0,0,0
277,111.19.197.6,Address,Rutgers Attacker IPs,3.0,89,2021-08-02T02:50:02Z,0,0,0
278,186.108.124.189,Address,Rutgers Attacker IPs,3.0,89,2021-08-02T02:50:02Z,0,0,0
279,188.157.170.135,Address,Rutgers Attacker IPs,3.0,89,2021-08-02T02:50:02Z,0,0,0
280,131.196.95.72,Address,Rutgers Attacker IPs,3.0,89,2021-08-02T02:50:02Z,0,0,0
281,117.120.8.251,Address,Rutgers Attacker IPs,3.0,89,2021-08-02T02:50:02Z,0,0,0
282,45.61.188.224,Address,Rutgers Attacker IPs,3.0,89,2021-08-02T02:50:02Z,0,0,0
283,177.8.154.213,Address,Rutgers Attacker IPs,3.0,89,2021-08-02T02:50:02Z,0,0,0
284,124.121.123.92,Address,Rutgers Attacker IPs,3.0,89,2021-08-02T02:50:02Z,0,0,0
285,161.139.222.7,Address,Rutgers Attacker IPs,3.0,89,2021-08-02T02:50:02Z,0,0,0
286,49.135.34.143,Address,Rutgers Attacker IPs,3.0,89,2021-08-02T02:50:02Z,0,0,0
287,49.235.0.9,Address,Rutgers Attacker IPs,3.0,89,2021-08-02T02:50:02Z,0,0,0
288,159.89.197.77,Address,Rutgers Attacker IPs,3.0,89,2021-08-02T02:50:02Z,0,0,0
289,77.40.3.32,Address,Rutgers Attacker IPs,3.0,89,2021-08-02T02:50:02Z,0,0,0
290,181.118.179.18,Address,Rutgers Attacker IPs,3.0,89,2021-08-02T02:50:02Z,0,0,0
291,103.83.89.117,Address,Rutgers Attacker IPs,3.0,89,2021-08-02T02:50:02Z,0,0,0
292,103.163.12.2,Address,Rutgers Attacker IPs,3.0,89,2021-08-02T02:50:02Z,0,0,0
293,104.244.76.55,Address,Rutgers Attacker IPs,3.0,89,2021-08-02T02:50:02Z,0,0,0
294,93.125.114.40,Address,Rutgers Attacker IPs,3.0,89,2021-08-02T02:50:02Z,0,0,0
295,199.168.102.130,Address,Rutgers Attacker IPs,3.0,89,2021-08-02T02:50:02Z,0,0,0
296,106.52.35.207,Address,Rutgers Attacker IPs,3.0,89,2021-08-02T02:50:02Z,0,0,0
297,191.240.116.255,Address,Rutgers Attacker IPs,3.0,89,2021-08-02T02:50:02Z,0,0,0
298,103.104.127.151,Address,Rutgers Attacker IPs,3.0,89,2021-08-02T02:50:02Z,0,0,0
299,177.74.181.131,Address,Rutgers Attacker IPs,3.0,89,2021-08-02T02:50:02Z,0,0,0
300,192.241.172.175,Address,Rutgers Attacker IPs,3.0,89,2021-08-02T02:50:02Z,0,0,0
301,209.141.59.249,Address,Rutgers Attacker IPs,3.0,89,2021-08-02T02:50:02Z,0,0,0
302,24.42.171.44,Address,Rutgers Attacker IPs,3.0,89,2021-08-02T02:50:02Z,0,0,0
303,199.195.253.212,Address,Rutgers Attacker IPs,3.0,89,2021-08-02T02:50:02Z,0,0,0
304,50.62.176.67,Address,Rutgers Attacker IPs,3.0,89,2021-08-02T02:50:02Z,0,0,0
305,37.237.228.31,Address,Rutgers Attacker IPs,3.0,89,2021-08-02T02:50:02Z,0,0,0
306,157.44.196.213,Address,Rutgers Attacker IPs,3.0,89,2021-08-02T02:50:02Z,0,0,0
307,120.29.76.69,Address,Rutgers Attacker IPs,3.0,89,2021-08-02T02:50:02Z,0,0,0
308,148.72.207.220,Address,Rutgers Attacker IPs,3.0,89,2021-08-02T02:50:02Z,0,0,0
309,121.5.158.8,Address,Rutgers Attacker IPs,3.0,89,2021-08-02T02:50:02Z,0,0,0
310,103.3.226.226,Address,Rutgers Attacker IPs,3.0,89,2021-08-02T02:50:02Z,0,0,0
311,188.128.39.113,Address,Rutgers Attacker IPs,3.0,89,2021-08-02T02:50:02Z,0,0,0
312,118.25.21.176,Address,Rutgers Attacker IPs,3.0,89,2021-08-02T02:50:02Z,0,0,0
313,179.133.70.52,Address,Rutgers Attacker IPs,3.0,89,2021-08-02T02:50:02Z,0,0,0
314,3.142.243.219,Address,Rutgers Attacker IPs,3.0,89,2021-08-02T02:50:02Z,0,0,0
315,191.241.160.70,Address,Rutgers Attacker IPs,3.0,89,2021-08-02T02:50:02Z,0,0,0
316,136.232.82.30,Address,Rutgers Attacker IPs,3.0,89,2021-08-02T02:50:02Z,0,0,0
317,158.51.87.152,Address,Rutgers Attacker IPs,3.0,89,2021-08-02T02:50:02Z,0,0,0
318,18.218.169.80,Address,Rutgers Attacker IPs,3.0,89,2021-08-02T02:50:02Z,0,0,0
319,27.147.155.225,Address,Rutgers Attacker IPs,3.0,89,2021-08-02T02:50:02Z,0,0,0
320,190.52.211.124,Address,Rutgers Attacker IPs,3.0,89,2021-08-02T02:50:02Z,0,0,0
321,76.118.210.178,Address,Rutgers Attacker IPs,3.0,89,2021-08-02T02:50:02Z,0,0,0
322,177.36.241.26,Address,Rutgers Attacker IPs,3.0,89,2021-08-02T02:50:02Z,0,0,0
323,46.92.209.32,Address,Rutgers Attacker IPs,3.0,89,2021-08-02T02:50:02Z,0,0,0
324,50.63.92.49,Address,Rutgers Attacker IPs,3.0,89,2021-08-02T02:50:02Z,0,0,0
325,110.168.30.101,Address,Rutgers Attacker IPs,3.0,89,2021-08-02T02:50:02Z,0,0,0
326,164.52.43.36,Address,Rutgers Attacker IPs,3.0,89,2021-08-02T02:50:02Z,0,0,0
327,197.165.205.104,Address,Rutgers Attacker IPs,3.0,89,2021-08-02T02:50:02Z,0,0,0
328,187.72.124.150,Address,Rutgers Attacker IPs,3.0,89,2021-08-02T02:50:02Z,0,0,0
329,113.120.26.53,Address,Rutgers Attacker IPs,3.0,89,2021-08-02T02:50:02Z,0,0,0
330,115.79.61.38,Address,Rutgers Attacker IPs,3.0,89,2021-08-02T02:50:02Z,0,0,0
331,171.96.25.138,Address,Rutgers Attacker IPs,3.0,89,2021-08-02T02:50:02Z,0,0,0
332,200.35.78.214,Address,Rutgers Attacker IPs,3.0,89,2021-08-02T02:50:02Z,0,0,0
333,18.117.23.39,Address,Rutgers Attacker IPs,3.0,89,2021-08-02T02:50:02Z,0,0,0
334,223.247.205.54,Address,Rutgers Attacker IPs,3.0,89,2021-08-02T02:50:02Z,0,0,0
335,41.96.30.14,Address,Rutgers Attacker IPs,3.0,89,2021-08-02T02:50:02Z,0,0,0
336,171.96.102.214,Address,Rutgers Attacker IPs,3.0,89,2021-08-02T02:50:02Z,0,0,0
337,174.92.56.91,Address,Rutgers Attacker IPs,3.0,89,2021-08-02T02:50:02Z,0,0,0
338,50.62.177.116,Address,Rutgers Attacker IPs,3.0,89,2021-08-02T02:50:02Z,0,0,0
339,103.101.163.175,Address,Rutgers Attacker IPs,3.0,89,2021-08-02T02:50:02Z,0,0,0
340,116.179.37.68,Address,Rutgers Attacker IPs,3.0,89,2021-08-02T02:50:02Z,0,0,0
341,177.242.107.254,Address,Rutgers Attacker IPs,3.0,89,2021-08-02T02:50:02Z,0,0,0
342,138.36.201.103,Address,Rutgers Attacker IPs,3.0,89,2021-08-02T02:50:02Z,0,0,0
343,113.160.188.89,Address,Rutgers Attacker IPs,3.0,89,2021-08-02T02:50:02Z,0,0,0
344,118.175.252.25,Address,Rutgers Attacker IPs,3.0,89,2021-08-02T02:50:02Z,0,0,0
345,1.14.69.182,Address,Rutgers Attacker IPs,3.0,89,2021-08-02T02:50:02Z,0,0,0
346,159.65.144.112,Address,Rutgers Attacker IPs,3.0,89,2021-08-02T02:50:02Z,0,0,0
347,35.176.255.225,Address,Rutgers Attacker IPs,3.0,89,2021-08-02T02:50:02Z,0,0,0
348,118.96.141.2,Address,Rutgers Attacker IPs,3.0,89,2021-08-02T02:50:02Z,0,0,0
349,188.112.9.68,Address,Rutgers Attacker IPs,3.0,89,2021-08-02T02:50:02Z,0,0,0
350,92.112.17.20,Address,Rutgers Attacker IPs,3.0,89,2021-08-02T02:50:02Z,0,0,0
351,209.141.54.219,Address,Rutgers Attacker IPs,3.0,89,2021-08-02T02:50:02Z,0,0,0
352,107.189.31.98,Address,Rutgers Attacker IPs,3.0,89,2021-08-02T02:50:02Z,0,0,0
353,8.37.43.223,Address,Rutgers Attacker IPs,3.0,89,2021-08-02T02:50:02Z,0,0,0
354,104.244.78.6,Address,Rutgers Attacker IPs,3.0,89,2021-08-02T02:50:02Z,0,0,0
355,96.46.29.224,Address,Rutgers Attacker IPs,3.0,89,2021-08-02T02:50:02Z,0,0,0
356,177.242.107.250,Address,Rutgers Attacker IPs,3.0,89,2021-08-02T02:50:02Z,0,0,0
357,177.154.237.71,Address,Rutgers Attacker IPs,3.0,89,2021-08-02T02:50:02Z,0,0,0
358,45.61.185.254,Address,Rutgers Attacker IPs,3.0,89,2021-08-02T02:50:02Z,0,0,0
359,43.129.250.159,Address,Rutgers Attacker IPs,3.0,89,2021-08-02T02:50:02Z,0,0,0
360,213.112.164.95,Address,Rutgers Attacker IPs,3.0,89,2021-08-02T02:50:02Z,0,0,0
361,113.250.90.21,Address,Rutgers Attacker IPs,3.0,89,2021-08-02T02:50:02Z,0,0,0
362,145.239.140.148,Address,Rutgers Attacker IPs,3.0,89,2021-08-02T02:50:02Z,0,0,0
363,192.231.100.121,Address,Rutgers Attacker IPs,3.0,89,2021-08-02T02:50:02Z,0,0,0
364,8.9.231.171,Address,Rutgers Attacker IPs,3.0,89,2021-08-02T02:50:02Z,0,0,0
365,36.133.239.177,Address,Rutgers Attacker IPs,3.0,89,2021-08-02T02:50:02Z,0,0,0
366,180.246.150.118,Address,Rutgers Attacker IPs,3.0,89,2021-08-02T02:50:02Z,0,0,0
367,105.225.253.205,Address,Rutgers Attacker IPs,3.0,89,2021-08-02T02:50:02Z,0,0,0
368,27.210.110.204,Address,Rutgers Attacker IPs,3.0,89,2021-08-02T02:50:02Z,0,0,0
369,139.186.150.45,Address,Rutgers Attacker IPs,3.0,89,2021-08-02T02:50:02Z,0,0,0
370,62.148.227.173,Address,Rutgers Attacker IPs,3.0,89,2021-08-02T02:50:02Z,0,0,0
371,222.182.120.189,Address,Rutgers Attacker IPs,3.0,89,2021-08-02T02:50:02Z,0,0,0
372,103.198.10.98,Address,Rutgers Attacker IPs,3.0,89,2021-08-02T02:50:02Z,0,0,0
373,89.22.193.240,Address,Rutgers Attacker IPs,3.0,89,2021-08-02T02:50:02Z,0,0,0
374,24.5.39.104,Address,Rutgers Attacker IPs,3.0,89,2021-08-02T02:50:02Z,0,0,0
375,54.219.163.28,Address,Rutgers Attacker IPs,3.0,89,2021-08-02T02:50:02Z,0,0,0
376,217.61.168.190,Address,Rutgers Attacker IPs,3.0,89,2021-08-02T02:50:02Z,0,0,0
377,45.126.186.38,Address,Rutgers Attacker IPs,3.0,89,2021-08-02T02:50:02Z,0,0,0
378,124.121.19.236,Address,Rutgers Attacker IPs,3.0,89,2021-08-02T02:50:02Z,0,0,0
379,210.61.2.144,Address,Rutgers Attacker IPs,3.0,89,2021-08-02T02:50:02Z,0,0,0
380,149.129.172.74,Address,Rutgers Attacker IPs,3.0,89,2021-08-02T02:50:02Z,0,0,0
381,184.22.17.21,Address,Rutgers Attacker IPs,3.0,89,2021-08-02T02:50:02Z,0,0,0
382,91.168.183.65,Address,Rutgers Attacker IPs,3.0,89,2021-08-02T02:50:02Z,0,0,0
383,187.33.235.50,Address,Rutgers Attacker IPs,3.0,89,2021-08-02T02:50:02Z,0,0,0
384,73.193.22.68,Address,Rutgers Attacker IPs,3.0,89,2021-08-02T02:50:02Z,0,0,0
385,168.196.149.242,Address,Rutgers Attacker IPs,3.0,89,2021-08-02T02:50:02Z,0,0,0
386,209.141.35.244,Address,Rutgers Attacker IPs,3.0,89,2021-08-02T02:50:02Z,0,0,0
387,113.186.14.197,Address,Rutgers Attacker IPs,3.0,89,2021-08-02T02:50:02Z,0,0,0
388,2.3.54.132,Address,Rutgers Attacker IPs,3.0,89,2021-08-02T02:50:02Z,0,0,0
389,110.137.88.88,Address,Rutgers Attacker IPs,3.0,89,2021-08-02T02:50:02Z,0,0,0
390,113.102.207.16,Address,Rutgers Attacker IPs,3.0,89,2021-08-02T02:50:02Z,0,0,0
391,198.211.123.150,Address,Rutgers Attacker IPs,3.0,89,2021-08-02T02:50:02Z,0,0,0
392,177.44.17.189,Address,Rutgers Attacker IPs,3.0,89,2021-08-02T02:50:02Z,0,0,0
393,49.147.63.243,Address,Rutgers Attacker IPs,3.0,89,2021-08-02T02:50:02Z,0,0,0
394,166.62.122.244,Address,Rutgers Attacker IPs,3.0,89,2021-08-02T02:50:02Z,0,0,0
395,116.179.37.215,Address,Rutgers Attacker IPs,3.0,89,2021-08-02T02:50:02Z,0,0,0
396,45.172.234.209,Address,Rutgers Attacker IPs,3.0,89,2021-08-02T02:50:02Z,0,0,0
397,209.141.33.144,Address,Rutgers Attacker IPs,3.0,89,2021-08-02T02:50:02Z,0,0,0
398,117.95.55.241,Address,Rutgers Attacker IPs,3.0,89,2021-08-02T02:50:02Z,0,0,0
399,49.206.25.226,Address,Rutgers Attacker IPs,3.0,89,2021-08-02T02:50:02Z,0,0,0
400,121.4.67.79,Address,Rutgers Attacker IPs,3.0,89,2021-08-02T02:50:02Z,0,0,0
401,74.57.136.123,Address,Rutgers Attacker IPs,3.0,89,2021-08-02T02:50:02Z,0,0,0
402,81.68.177.26,Address,Rutgers Attacker IPs,3.0,89,2021-08-02T02:50:02Z,0,0,0
403,177.154.239.37,Address,Rutgers Attacker IPs,3.0,89,2021-08-02T02:50:02Z,0,0,0
404,103.209.229.3,Address,Rutgers Attacker IPs,3.0,89,2021-08-02T02:50:02Z,0,0,0
405,104.244.77.74,Address,Rutgers Attacker IPs,3.0,89,2021-08-02T02:50:02Z,0,0,0
406,112.194.204.191,Address,Rutgers Attacker IPs,3.0,89,2021-08-02T02:50:02Z,0,0,0
407,87.98.157.6,Address,Rutgers Attacker IPs,3.0,89,2021-08-02T02:50:02Z,0,0,0
408,209.141.54.202,Address,Rutgers Attacker IPs,3.0,89,2021-08-02T02:50:02Z,0,0,0
409,116.105.197.161,Address,Rutgers Attacker IPs,3.0,89,2021-08-02T02:50:02Z,0,0,0
410,107.189.28.198,Address,Rutgers Attacker IPs,3.0,89,2021-08-02T02:50:02Z,0,0,0
411,24.171.22.253,Address,Rutgers Attacker IPs,3.0,89,2021-08-02T02:50:02Z,0,0,0
412,174.51.219.135,Address,Rutgers Attacker IPs,3.0,89,2021-08-02T02:50:02Z,0,0,0
413,86.180.237.85,Address,Rutgers Attacker IPs,3.0,89,2021-08-02T02:50:02Z,0,0,0
414,39.43.106.99,Address,Rutgers Attacker IPs,3.0,89,2021-08-02T02:50:02Z,0,0,0
415,157.230.237.240,Address,Rutgers Attacker IPs,3.0,89,2021-08-02T02:50:02Z,0,0,0
416,85.200.241.10,Address,Rutgers Attacker IPs,3.0,89,2021-08-02T02:50:02Z,0,0,0
417,124.122.64.202,Address,Rutgers Attacker IPs,3.0,89,2021-08-02T02:50:02Z,0,0,0
418,52.254.0.237,Address,Rutgers Attacker IPs,3.0,89,2021-08-02T02:50:02Z,0,0,0
419,179.175.180.144,Address,Rutgers Attacker IPs,3.0,89,2021-08-02T02:50:02Z,0,0,0
420,103.153.178.94,Address,Rutgers Attacker IPs,3.0,89,2021-08-02T02:50:02Z,0,0,0
421,114.104.102.215,Address,Rutgers Attacker IPs,3.0,89,2021-08-02T02:50:02Z,0,0,0
422,124.121.94.201,Address,Rutgers Attacker IPs,3.0,89,2021-08-02T02:50:02Z,0,0,0
423,207.246.115.129,Address,Rutgers Attacker IPs,3.0,89,2021-08-02T02:50:02Z,0,0,0
424,149.56.226.64,Address,Rutgers Attacker IPs,3.0,89,2021-08-02T02:50:02Z,0,0,0
425,107.189.28.196,Address,Rutgers Attacker IPs,3.0,89,2021-08-02T02:50:02Z,0,0,0
426,201.139.91.20,Address,Rutgers Attacker IPs,3.0,89,2021-08-02T02:50:02Z,0,0,0
427,192.151.144.59,Address,Rutgers Attacker IPs,3.0,89,2021-08-02T02:50:02Z,0,0,0
428,173.249.39.28,Address,Rutgers Attacker IPs,3.0,89,2021-08-02T02:50:02Z,0,0,0
429,41.212.36.131,Address,Rutgers Attacker IPs,3.0,89,2021-08-02T02:50:02Z,0,0,0
430,150.249.21.200,Address,Rutgers Attacker IPs,3.0,89,2021-08-02T02:50:02Z,0,0,0
431,121.5.170.146,Address,Rutgers Attacker IPs,3.0,89,2021-08-02T02:50:02Z,0,0,0
432,111.206.198.20,Address,Rutgers Attacker IPs,3.0,89,2021-08-02T02:50:02Z,0,0,0
433,69.176.91.89,Address,Rutgers Attacker IPs,3.0,89,2021-08-02T02:50:02Z,0,0,0
434,103.148.79.196,Address,Rutgers Attacker IPs,3.0,89,2021-08-02T02:50:02Z,0,0,0
435,179.108.192.148,Address,Rutgers Attacker IPs,3.0,89,2021-08-02T02:50:02Z,0,0,0
436,116.110.66.155,Address,Rutgers Attacker IPs,3.0,89,2021-08-02T02:50:02Z,0,0,0
437,209.141.50.151,Address,Rutgers Attacker IPs,3.0,89,2021-08-02T02:50:02Z,0,0,0
438,171.226.7.4,Address,Rutgers Attacker IPs,3.0,89,2021-08-02T02:50:02Z,0,0,0
439,46.205.192.233,Address,Rutgers Attacker IPs,3.0,89,2021-08-02T02:50:02Z,0,0,0
440,36.76.249.10,Address,Rutgers Attacker IPs,3.0,89,2021-08-02T02:50:02Z,0,0,0
441,171.97.33.137,Address,Rutgers Attacker IPs,3.0,89,2021-08-02T02:50:02Z,0,0,0
442,167.249.42.226,Address,Rutgers Attacker IPs,3.0,89,2021-08-02T02:50:02Z,0,0,0
443,187.108.79.189,Address,Rutgers Attacker IPs,3.0,89,2021-08-02T02:50:02Z,0,0,0
444,147.102.154.162,Address,Rutgers Attacker IPs,3.0,89,2021-08-02T02:50:02Z,0,0,0
445,177.23.73.196,Address,Rutgers Attacker IPs,3.0,89,2021-08-02T02:50:02Z,0,0,0
446,124.122.66.239,Address,Rutgers Attacker IPs,3.0,89,2021-08-02T02:50:02Z,0,0,0
447,49.233.203.93,Address,Rutgers Attacker IPs,3.0,89,2021-08-02T02:50:02Z,0,0,0
448,82.78.87.4,Address,Rutgers Attacker IPs,3.0,89,2021-08-02T02:50:02Z,0,0,0
449,103.43.203.229,Address,Rutgers Attacker IPs,3.0,89,2021-08-02T02:50:02Z,0,0,0
450,165.22.213.0,Address,Rutgers Attacker IPs,3.0,89,2021-08-02T02:50:02Z,0,0,0
451,36.82.22.237,Address,Rutgers Attacker IPs,3.0,89,2021-08-02T02:50:02Z,0,0,0
452,128.199.197.254,Address,Rutgers Attacker IPs,3.0,89,2021-08-02T02:50:02Z,0,0,0
453,171.243.59.104,Address,Rutgers Attacker IPs,3.0,89,2021-08-02T02:50:02Z,0,0,0
454,209.141.53.30,Address,Rutgers Attacker IPs,3.0,89,2021-08-02T02:50:02Z,0,0,0
455,139.59.90.7,Address,Rutgers Attacker IPs,3.0,89,2021-08-02T02:50:02Z,0,0,0
456,119.76.134.35,Address,Rutgers Attacker IPs,3.0,89,2021-08-02T02:50:02Z,0,0,0
457,199.195.252.105,Address,Rutgers Attacker IPs,3.0,89,2021-08-02T02:50:02Z,0,0,0
458,72.167.190.84,Address,Rutgers Attacker IPs,3.0,89,2021-08-02T02:50:02Z,0,0,0
459,124.122.78.175,Address,Rutgers Attacker IPs,3.0,89,2021-08-02T02:50:02Z,0,0,0
460,171.96.36.124,Address,Rutgers Attacker IPs,3.0,89,2021-08-02T02:50:02Z,0,0,0
461,178.218.60.156,Address,Rutgers Attacker IPs,3.0,89,2021-08-02T02:50:02Z,0,0,0
462,167.99.241.69,Address,Rutgers Attacker IPs,3.0,89,2021-08-02T02:50:02Z,0,0,0
463,104.244.72.8,Address,Rutgers Attacker IPs,3.0,89,2021-08-02T02:50:02Z,0,0,0
464,104.168.34.151,Address,Rutgers Attacker IPs,3.0,89,2021-08-02T02:50:02Z,0,0,0
465,110.137.100.87,Address,Rutgers Attacker IPs,3.0,89,2021-08-02T02:50:02Z,0,0,0
466,190.181.4.8,Address,Rutgers Attacker IPs,3.0,89,2021-08-02T02:50:02Z,0,0,0
467,106.13.237.151,Address,Rutgers Attacker IPs,3.0,89,2021-08-02T02:50:02Z,0,0,0
468,121.4.174.17,Address,Rutgers Attacker IPs,3.0,89,2021-08-02T02:50:02Z,0,0,0
469,43.249.140.98,Address,Rutgers Attacker IPs,3.0,89,2021-08-02T02:50:02Z,0,0,0
470,179.175.190.184,Address,Rutgers Attacker IPs,3.0,89,2021-08-02T02:50:02Z,0,0,0
471,1.20.169.70,Address,Rutgers Attacker IPs,3.0,89,2021-08-02T02:50:02Z,0,0,0
472,113.188.130.198,Address,Rutgers Attacker IPs,3.0,89,2021-08-02T02:50:02Z,0,0,0
473,110.172.170.138,Address,Rutgers Attacker IPs,3.0,89,2021-08-02T02:50:02Z,0,0,0
474,103.216.163.183,Address,Rutgers Attacker IPs,3.0,89,2021-08-02T02:50:02Z,0,0,0
475,156.216.53.180,Address,Rutgers Attacker IPs,3.0,89,2021-08-02T02:50:02Z,0,0,0
476,209.141.60.28,Address,Rutgers Attacker IPs,3.0,89,2021-08-02T02:50:02Z,0,0,0
477,49.49.217.13,Address,Rutgers Attacker IPs,3.0,89,2021-08-02T02:50:02Z,0,0,0
478,103.104.127.224,Address,Rutgers Attacker IPs,3.0,89,2021-08-02T02:50:02Z,0,0,0
479,104.168.34.158,Address,Rutgers Attacker IPs,3.0,89,2021-08-02T02:50:02Z,0,0,0
480,20.55.120.136,Address,Rutgers Attacker IPs,3.0,89,2021-08-02T02:50:02Z,0,0,0
481,139.255.29.83,Address,Rutgers Attacker IPs,3.0,89,2021-08-02T02:50:02Z,0,0,0
482,1.26.24.102,Address,Rutgers Attacker IPs,3.0,89,2021-08-02T02:50:02Z,0,0,0
483,179.6.74.69,Address,Rutgers Attacker IPs,3.0,89,2021-08-02T02:50:02Z,0,0,0
484,70.35.206.179,Address,Rutgers Attacker IPs,3.0,89,2021-08-02T02:50:02Z,0,0,0
485,187.109.171.241,Address,Rutgers Attacker IPs,3.0,89,2021-08-02T02:50:02Z,0,0,0
486,18.191.226.195,Address,Rutgers Attacker IPs,3.0,89,2021-08-02T02:50:02Z,0,0,0
487,200.81.52.0,Address,Rutgers Attacker IPs,3.0,89,2021-08-02T02:50:02Z,0,0,0
488,70.53.221.238,Address,Rutgers Attacker IPs,3.0,89,2021-08-02T02:50:02Z,0,0,0
489,205.185.116.103,Address,Rutgers Attacker IPs,3.0,89,2021-08-02T02:50:02Z,0,0,0
490,124.121.157.13,Address,Rutgers Attacker IPs,3.0,89,2021-08-02T02:50:02Z,0,0,0
491,86.178.181.61,Address,Rutgers Attacker IPs,3.0,89,2021-08-02T02:50:02Z,0,0,0
492,172.104.181.63,Address,Rutgers Attacker IPs,3.0,89,2021-08-02T02:50:02Z,0,0,0
493,197.188.144.48,Address,Rutgers Attacker IPs,3.0,89,2021-08-02T02:50:02Z,0,0,0
494,185.246.130.69,Address,Rutgers Attacker IPs,3.0,89,2021-08-02T02:50:02Z,0,0,0
495,101.36.153.183,Address,Rutgers Attacker IPs,3.0,89,2021-08-02T02:50:02Z,0,0,0
496,68.81.243.60,Address,Rutgers Attacker IPs,3.0,89,2021-08-02T02:50:02Z,0,0,0
497,124.120.86.104,Address,Rutgers Attacker IPs,3.0,89,2021-08-02T02:50:02Z,0,0,0
498,106.13.172.139,Address,Rutgers Attacker IPs,3.0,89,2021-08-02T02:50:02Z,0,0,0
499,95.208.66.75,Address,Rutgers Attacker IPs,3.0,89,2021-08-02T02:50:02Z,0,0,0
500,156.241.132.28,Address,Rutgers Attacker IPs,3.0,89,2021-08-02T02:50:02Z,0,0,0
501,106.53.204.245,Address,Rutgers Attacker IPs,3.0,89,2021-08-02T02:50:02Z,0,0,0
502,180.76.228.9,Address,Rutgers Attacker IPs,3.0,89,2021-08-02T02:50:02Z,0,0,0
503,103.248.235.0,Address,Rutgers Attacker IPs,3.0,89,2021-08-02T02:50:02Z,0,0,0
504,103.237.57.245,Address,Rutgers Attacker IPs,3.0,89,2021-08-02T02:50:02Z,0,0,0
505,125.64.103.89,Address,Rutgers Attacker IPs,3.0,89,2021-08-02T02:50:02Z,0,0,0
506,118.195.144.145,Address,Rutgers Attacker IPs,3.0,89,2021-08-02T02:50:02Z,0,0,0
507,8.25.96.123,Address,Rutgers Attacker IPs,3.0,89,2021-08-02T02:50:02Z,0,0,0
508,156.217.148.198,Address,Rutgers Attacker IPs,3.0,89,2021-08-02T02:50:02Z,0,0,0
509,189.89.179.18,Address,Rutgers Attacker IPs,3.0,89,2021-08-02T02:50:02Z,0,0,0
510,125.166.41.173,Address,Rutgers Attacker IPs,3.0,89,2021-08-02T02:50:02Z,0,0,0
511,43.131.64.230,Address,Rutgers Attacker IPs,3.0,89,2021-08-02T02:50:02Z,0,0,0
512,113.128.28.46,Address,Rutgers Attacker IPs,3.0,89,2021-08-02T02:50:02Z,0,0,0
513,109.196.240.102,Address,Rutgers Attacker IPs,3.0,89,2021-08-02T02:50:02Z,0,0,0
514,45.120.69.82,Address,Rutgers Attacker IPs,3.0,89,2021-08-02T02:50:02Z,0,0,0
515,187.87.1.67,Address,Rutgers Attacker IPs,3.0,89,2021-08-02T02:50:02Z,0,0,0
516,45.145.66.136,Address,Rutgers Attacker IPs,3.0,89,2021-08-02T02:50:02Z,0,0,0
517,222.73.56.10,Address,Rutgers Attacker IPs,3.0,89,2021-08-02T02:50:02Z,0,0,0
518,161.49.85.153,Address,Rutgers Attacker IPs,3.0,89,2021-08-02T02:50:02Z,0,0,0
519,106.53.102.253,Address,Rutgers Attacker IPs,3.0,89,2021-08-02T02:50:02Z,0,0,0
520,23.225.159.108,Address,Rutgers Attacker IPs,3.0,89,2021-08-02T02:50:02Z,0,0,0
521,60.132.115.145,Address,Rutgers Attacker IPs,3.0,89,2021-08-02T02:50:02Z,0,0,0
522,8.9.231.210,Address,Rutgers Attacker IPs,3.0,89,2021-08-02T02:50:02Z,0,0,0
523,110.168.25.19,Address,Rutgers Attacker IPs,3.0,89,2021-08-02T02:50:02Z,0,0,0
524,208.102.108.3,Address,Rutgers Attacker IPs,3.0,89,2021-08-02T02:50:02Z,0,0,0
525,209.141.50.137,Address,Rutgers Attacker IPs,3.0,89,2021-08-02T02:50:02Z,0,0,0
526,219.77.25.225,Address,Rutgers Attacker IPs,3.0,89,2021-08-02T02:50:02Z,0,0,0
527,177.10.241.103,Address,Rutgers Attacker IPs,3.0,89,2021-08-02T02:50:02Z,0,0,0
528,101.91.118.108,Address,Rutgers Attacker IPs,3.0,89,2021-08-02T02:50:02Z,0,0,0
529,200.13.195.70,Address,Rutgers Attacker IPs,3.0,89,2021-08-02T02:50:02Z,0,0,0
530,152.32.252.248,Address,Rutgers Attacker IPs,3.0,89,2021-08-02T02:50:02Z,0,0,0
531,62.74.138.104,Address,Rutgers Attacker IPs,3.0,89,2021-08-02T02:50:02Z,0,0,0
532,190.52.217.145,Address,Rutgers Attacker IPs,3.0,89,2021-08-02T02:50:02Z,0,0,0
533,179.184.5.237,Address,Rutgers Attacker IPs,3.0,89,2021-08-02T02:50:02Z,0,0,0
534,188.112.9.106,Address,Rutgers Attacker IPs,3.0,89,2021-08-02T02:50:02Z,0,0,0
535,114.226.163.237,Address,Rutgers Attacker IPs,3.0,89,2021-08-02T02:50:02Z,0,0,0
536,89.22.199.44,Address,Rutgers Attacker IPs,3.0,89,2021-08-02T02:50:02Z,0,0,0
537,36.134.149.251,Address,Rutgers Attacker IPs,3.0,89,2021-08-02T02:50:02Z,0,0,0
538,191.81.42.78,Address,Rutgers Attacker IPs,3.0,89,2021-08-02T02:50:02Z,0,0,0
539,104.244.75.95,Address,Rutgers Attacker IPs,3.0,89,2021-08-02T02:50:02Z,0,0,0
540,138.186.85.84,Address,Rutgers Attacker IPs,3.0,89,2021-08-02T02:50:02Z,0,0,0
541,138.68.243.208,Address,Rutgers Attacker IPs,3.0,89,2021-08-02T02:50:02Z,0,0,0
542,13.76.82.135,Address,Rutgers Attacker IPs,3.0,89,2021-08-02T02:50:02Z,0,0,0
543,45.65.49.45,Address,Rutgers Attacker IPs,3.0,89,2021-08-02T02:50:02Z,0,0,0
544,45.163.198.197,Address,Rutgers Attacker IPs,3.0,89,2021-08-02T02:50:02Z,0,0,0
545,45.55.179.246,Address,Rutgers Attacker IPs,3.0,89,2021-08-02T02:50:02Z,0,0,0
546,171.239.254.71,Address,Rutgers Attacker IPs,3.0,89,2021-08-02T02:50:02Z,0,0,0
547,45.13.59.119,Address,Rutgers Attacker IPs,3.0,89,2021-08-02T02:50:02Z,0,0,0
548,133.167.65.203,Address,Rutgers Attacker IPs,3.0,89,2021-08-02T02:50:02Z,0,0,0
549,118.167.241.187,Address,Rutgers Attacker IPs,3.0,89,2021-08-02T02:50:02Z,0,0,0
550,94.228.94.107,Address,Rutgers Attacker IPs,3.0,89,2021-08-02T02:50:02Z,0,0,0
551,46.20.86.154,Address,Rutgers Attacker IPs,3.0,89,2021-08-02T02:50:02Z,0,0,0
552,125.86.188.247,Address,Rutgers Attacker IPs,3.0,89,2021-08-02T02:50:02Z,0,0,0
553,67.52.235.222,Address,Rutgers Attacker IPs,3.0,89,2021-08-02T02:50:02Z,0,0,0
554,147.139.194.65,Address,Rutgers Attacker IPs,3.0,89,2021-08-02T02:50:02Z,0,0,0
555,73.148.162.84,Address,Rutgers Attacker IPs,3.0,89,2021-08-02T02:50:02Z,0,0,0
556,119.29.5.184,Address,Rutgers Attacker IPs,3.0,89,2021-08-02T02:50:02Z,0,0,0
557,42.192.221.148,Address,Rutgers Attacker IPs,3.0,89,2021-08-02T02:50:02Z,0,0,0
558,168.205.220.111,Address,Rutgers Attacker IPs,3.0,89,2021-08-02T02:50:02Z,0,0,0
559,31.217.64.124,Address,Rutgers Attacker IPs,3.0,89,2021-08-02T02:50:02Z,0,0,0
560,61.228.202.242,Address,Rutgers Attacker IPs,3.0,89,2021-08-02T02:50:02Z,0,0,0
561,138.117.17.84,Address,Rutgers Attacker IPs,3.0,89,2021-08-02T02:50:02Z,0,0,0
562,218.78.68.1,Address,Rutgers Attacker IPs,3.0,89,2021-08-02T02:50:02Z,0,0,0
563,43.129.168.86,Address,Rutgers Attacker IPs,3.0,89,2021-08-02T02:50:02Z,0,0,0
564,8.37.43.194,Address,Rutgers Attacker IPs,3.0,89,2021-08-02T02:50:02Z,0,0,0
565,39.187.65.4,Address,Rutgers Attacker IPs,3.0,89,2021-08-02T02:50:02Z,0,0,0
566,190.52.211.195,Address,Rutgers Attacker IPs,3.0,89,2021-08-02T02:50:02Z,0,0,0
567,123.27.230.42,Address,Rutgers Attacker IPs,3.0,89,2021-08-02T02:50:02Z,0,0,0
568,45.61.187.179,Address,Rutgers Attacker IPs,3.0,89,2021-08-02T02:50:02Z,0,0,0
569,209.141.61.146,Address,Rutgers Attacker IPs,3.0,89,2021-08-02T02:50:02Z,0,0,0
570,14.181.63.145,Address,Rutgers Attacker IPs,3.0,89,2021-08-02T02:50:02Z,0,0,0
571,118.186.197.51,Address,Rutgers Attacker IPs,3.0,89,2021-08-02T02:50:02Z,0,0,0
572,209.141.33.39,Address,Rutgers Attacker IPs,3.0,89,2021-08-02T02:50:02Z,0,0,0
573,171.97.33.187,Address,Rutgers Attacker IPs,3.0,89,2021-08-02T02:50:02Z,0,0,0
574,223.233.69.195,Address,Rutgers Attacker IPs,3.0,89,2021-08-02T02:50:02Z,0,0,0
575,95.55.48.196,Address,Rutgers Attacker IPs,3.0,89,2021-08-02T02:50:02Z,0,0,0
576,161.117.229.229,Address,Rutgers Attacker IPs,3.0,89,2021-08-02T02:50:02Z,0,0,0
577,81.68.139.236,Address,Rutgers Attacker IPs,3.0,89,2021-08-02T02:50:02Z,0,0,0
578,93.136.158.45,Address,Rutgers Attacker IPs,3.0,89,2021-08-02T02:50:02Z,0,0,0
579,120.89.46.221,Address,Rutgers Attacker IPs,3.0,89,2021-08-02T02:50:02Z,0,0,0
580,139.59.230.165,Address,Rutgers Attacker IPs,3.0,89,2021-08-02T02:50:02Z,0,0,0
581,81.88.52.154,Address,Rutgers Attacker IPs,3.0,89,2021-08-02T02:50:02Z,0,0,0
582,175.27.228.193,Address,Rutgers Attacker IPs,3.0,89,2021-08-02T02:50:02Z,0,0,0
583,45.248.192.221,Address,Rutgers Attacker IPs,3.0,89,2021-08-02T02:50:02Z,0,0,0
584,14.56.130.173,Address,Rutgers Attacker IPs,3.0,89,2021-08-02T02:50:02Z,0,0,0
585,170.150.8.3,Address,Rutgers Attacker IPs,3.0,89,2021-08-02T02:50:02Z,0,0,0
586,171.109.57.88,Address,Rutgers Attacker IPs,3.0,89,2021-08-02T02:50:02Z,0,0,0
587,189.178.130.134,Address,Rutgers Attacker IPs,3.0,89,2021-08-02T02:50:02Z,0,0,0
588,192.241.215.97,Address,Rutgers Attacker IPs,3.0,89,2021-08-02T02:50:02Z,0,0,0
589,52.83.218.175,Address,Rutgers Attacker IPs,3.0,89,2021-08-02T02:50:02Z,0,0,0
590,221.122.107.252,Address,Rutgers Attacker IPs,3.0,89,2021-08-02T02:50:02Z,0,0,0
591,129.146.114.82,Address,Rutgers Attacker IPs,3.0,89,2021-08-02T02:50:02Z,0,0,0
592,45.6.27.197,Address,Rutgers Attacker IPs,3.0,89,2021-08-02T02:50:02Z,0,0,0
593,65.2.123.15,Address,Rutgers Attacker IPs,3.0,89,2021-08-02T02:50:02Z,0,0,0
594,103.24.182.211,Address,Rutgers Attacker IPs,3.0,89,2021-08-02T02:50:02Z,0,0,0
595,1.15.228.78,Address,Rutgers Attacker IPs,3.0,89,2021-08-02T02:50:02Z,0,0,0
596,153.122.160.3,Address,Rutgers Attacker IPs,3.0,89,2021-08-02T02:50:02Z,0,0,0
597,58.8.65.64,Address,Blocklist.de Apache IPs,4.0,70,2021-08-02T02:15:03Z,0,0,0
598,50.255.202.69,Address,Blocklist.de Apache IPs,4.0,70,2021-08-02T02:15:03Z,0,0,0
599,83.239.174.74,Address,Blocklist.de Apache IPs,4.0,70,2021-08-02T02:15:03Z,0,0,0
600,60.173.17.194,Address,Blocklist.de Apache IPs,4.0,70,2021-08-02T02:15:03Z,0,0,0
601,165.56.184.89,Address,Blocklist.de Apache IPs,4.0,70,2021-08-02T02:15:03Z,0,0,0
602,112.194.204.103,Address,Blocklist.de Apache IPs,4.0,70,2021-08-02T02:15:03Z,0,0,0
603,102.252.68.115,Address,Blocklist.de Apache IPs,4.0,70,2021-08-02T02:15:03Z,0,0,0
604,92.85.64.167,Address,Blocklist.de Apache IPs,4.0,70,2021-08-02T02:15:03Z,0,0,0
605,111.26.104.86,Address,Blocklist.de Apache IPs,4.0,70,2021-08-02T02:15:03Z,0,0,0
606,171.101.225.32,Address,Blocklist.de Apache IPs,4.0,70,2021-08-02T02:15:03Z,0,0,0
607,103.229.73.117,Address,Blocklist.de Apache IPs,4.0,70,2021-08-02T02:15:03Z,0,0,0
608,180.226.131.60,Address,Blocklist.de Apache IPs,4.0,70,2021-08-02T02:15:03Z,0,0,0
609,2003:c7:b710:ff00:19ee:908d:664e:ae95,Address,Blocklist.de Apache IPs,4.0,70,2021-08-02T02:15:03Z,0,0,0
610,171.97.123.6,Address,Blocklist.de Apache IPs,4.0,70,2021-08-02T02:15:03Z,0,0,0
611,41.209.87.206,Address,Blocklist.de Apache IPs,4.0,70,2021-08-02T02:15:03Z,0,0,0
612,88.13.114.174,Address,Blocklist.de Apache IPs,4.0,70,2021-08-02T02:15:03Z,0,0,0
613,27.34.69.79,Address,Blocklist.de Apache IPs,4.0,70,2021-08-02T02:15:03Z,0,0,0
614,107.150.45.58,Address,Blocklist.de Apache IPs,4.0,70,2021-08-02T02:15:03Z,0,0,0
615,124.121.176.99,Address,Blocklist.de Apache IPs,4.0,70,2021-08-02T02:15:03Z,0,0,0
616,20.102.76.127,Address,Blocklist.de Apache IPs,4.0,70,2021-08-02T02:15:03Z,0,0,0
617,176.226.239.37,Address,Blocklist.de Apache IPs,4.0,70,2021-08-02T02:15:03Z,0,0,0
618,41.96.30.14,Address,Blocklist.de Apache IPs,4.0,70,2021-08-02T02:15:03Z,0,0,0
619,103.148.23.233,Address,Blocklist.de Apache IPs,4.0,70,2021-08-02T02:15:03Z,0,0,0
620,114.29.239.252,Address,Blocklist.de Apache IPs,4.0,70,2021-08-02T02:15:03Z,0,0,0
621,103.157.23.93,Address,Blocklist.de Apache IPs,4.0,70,2021-08-02T02:15:03Z,0,0,0
622,171.97.128.227,Address,Blocklist.de Apache IPs,4.0,70,2021-08-02T02:15:03Z,0,0,0
623,58.8.74.166,Address,Blocklist.de Apache IPs,4.0,70,2021-08-02T02:15:03Z,0,0,0
624,203.81.240.86,Address,Blocklist.de Apache IPs,4.0,70,2021-08-02T02:15:03Z,0,0,0
625,112.194.204.71,Address,Blocklist.de Apache IPs,4.0,70,2021-08-02T02:15:03Z,0,0,0
626,18.191.226.195,Address,Blocklist.de Apache IPs,4.0,70,2021-08-02T02:15:03Z,0,0,0
627,31.5.148.13,Address,Blocklist.de Apache IPs,4.0,70,2021-08-02T02:15:03Z,0,0,0
628,88.227.49.220,Address,Blocklist.de Apache IPs,4.0,70,2021-08-02T02:15:03Z,0,0,0
629,103.117.195.100,Address,Blocklist.de Apache IPs,4.0,70,2021-08-02T02:15:03Z,0,0,0
630,197.210.130.202,Address,Blocklist.de Apache IPs,4.0,70,2021-08-02T02:15:03Z,0,0,0
631,102.252.68.126,Address,Blocklist.de Apache IPs,4.0,70,2021-08-02T02:15:03Z,0,0,0
632,46.99.19.236,Address,Blocklist.de Apache IPs,4.0,70,2021-08-02T02:15:03Z,0,0,0
633,222.128.48.197,Address,Blocklist.de Apache IPs,4.0,70,2021-08-02T02:15:03Z,0,0,0
634,187.8.112.158,Address,Blocklist.de Apache IPs,4.0,70,2021-08-02T02:15:03Z,0,0,0
635,104.238.120.1,Address,Blocklist.de Apache IPs,4.0,70,2021-08-02T02:15:03Z,0,0,0
636,180.190.101.78,Address,Blocklist.de Apache IPs,4.0,70,2021-08-02T02:15:03Z,0,0,0
637,171.96.37.46,Address,Blocklist.de Apache IPs,4.0,70,2021-08-02T02:15:03Z,0,0,0
638,84.17.59.73,Address,Blocklist.de Apache IPs,4.0,70,2021-08-02T02:15:03Z,0,0,0
639,124.121.84.23,Address,Blocklist.de Apache IPs,4.0,70,2021-08-02T02:15:03Z,0,0,0
640,106.66.36.93,Address,Blocklist.de Apache IPs,4.0,70,2021-08-02T02:15:03Z,0,0,0
641,2001:e68:5425:bb20:2108:a91d:8080:d87,Address,Blocklist.de Apache IPs,4.0,70,2021-08-02T02:15:03Z,0,0,0
642,187.188.33.135,Address,Blocklist.de Apache IPs,4.0,70,2021-08-02T02:15:03Z,0,0,0
643,202.137.152.19,Address,Blocklist.de Apache IPs,4.0,70,2021-08-02T02:15:03Z,0,0,0
644,81.82.79.169,Address,Blocklist.de Apache IPs,4.0,70,2021-08-02T02:15:03Z,0,0,0
645,197.165.205.104,Address,Blocklist.de Apache IPs,4.0,70,2021-08-02T02:15:03Z,0,0,0
646,170.250.216.42,Address,Blocklist.de Apache IPs,4.0,70,2021-08-02T02:15:03Z,0,0,0
647,186.108.124.189,Address,Blocklist.de Apache IPs,4.0,70,2021-08-02T02:15:03Z,0,0,0
648,18.216.174.105,Address,Blocklist.de Apache IPs,4.0,70,2021-08-02T02:15:03Z,0,0,0
649,122.161.52.134,Address,Blocklist.de Apache IPs,4.0,70,2021-08-02T02:15:03Z,0,0,0
650,60.164.48.97,Address,Blocklist.de Apache IPs,4.0,70,2021-08-02T02:15:03Z,0,0,0
651,124.121.3.78,Address,Blocklist.de Apache IPs,4.0,70,2021-08-02T02:15:03Z,0,0,0
652,8.17.206.123,Address,Blocklist.de Apache IPs,4.0,70,2021-08-02T02:15:03Z,0,0,0
653,186.234.80.140,Address,Blocklist.de Apache IPs,4.0,70,2021-08-02T02:15:03Z,0,0,0
654,223.151.182.113,Address,Blocklist.de Apache IPs,4.0,70,2021-08-02T02:15:03Z,0,0,0
655,14.102.7.227,Address,Blocklist.de Apache IPs,4.0,70,2021-08-02T02:15:03Z,0,0,0
656,124.121.86.168,Address,Blocklist.de Apache IPs,4.0,70,2021-08-02T02:15:03Z,0,0,0
657,177.99.225.31,Address,Blocklist.de Apache IPs,4.0,70,2021-08-02T02:15:03Z,0,0,0
658,49.73.252.172,Address,Blocklist.de Apache IPs,4.0,70,2021-08-02T02:15:03Z,0,0,0
659,112.200.199.206,Address,Blocklist.de Apache IPs,4.0,70,2021-08-02T02:15:03Z,0,0,0
660,186.234.80.237,Address,Blocklist.de Apache IPs,4.0,70,2021-08-02T02:15:03Z,0,0,0
661,76.91.14.167,Address,Blocklist.de Apache IPs,4.0,70,2021-08-02T02:15:03Z,0,0,0
662,171.96.111.147,Address,Blocklist.de Apache IPs,4.0,70,2021-08-02T02:15:03Z,0,0,0
663,146.212.122.224,Address,Blocklist.de Apache IPs,4.0,70,2021-08-02T02:15:03Z,0,0,0
664,124.121.156.14,Address,Blocklist.de Apache IPs,4.0,70,2021-08-02T02:15:03Z,0,0,0
665,80.86.93.154,Address,Blocklist.de Apache IPs,4.0,70,2021-08-02T02:15:03Z,0,0,0
666,39.52.81.148,Address,Blocklist.de Apache IPs,4.0,70,2021-08-02T02:15:03Z,0,0,0
667,58.8.84.231,Address,Blocklist.de Apache IPs,4.0,70,2021-08-02T02:15:03Z,0,0,0
668,124.234.242.139,Address,Blocklist.de Apache IPs,4.0,70,2021-08-02T02:15:03Z,0,0,0
669,103.90.220.40,Address,Blocklist.de Apache IPs,4.0,70,2021-08-02T02:15:03Z,0,0,0
670,84.194.180.246,Address,Blocklist.de Apache IPs,4.0,70,2021-08-02T02:15:03Z,0,0,0
671,80.83.22.38,Address,Blocklist.de Apache IPs,4.0,70,2021-08-02T02:15:03Z,0,0,0
672,112.194.204.228,Address,Blocklist.de Apache IPs,4.0,70,2021-08-02T02:15:03Z,0,0,0
673,124.121.126.130,Address,Blocklist.de Apache IPs,4.0,70,2021-08-02T02:15:03Z,0,0,0
674,60.167.163.119,Address,Blocklist.de Apache IPs,4.0,70,2021-08-02T02:15:03Z,0,0,0
675,112.26.101.249,Address,Blocklist.de Apache IPs,4.0,70,2021-08-02T02:15:03Z,0,0,0
676,3.15.216.211,Address,Blocklist.de Apache IPs,4.0,70,2021-08-02T02:15:03Z,0,0,0
677,27.34.68.70,Address,Blocklist.de Apache IPs,4.0,70,2021-08-02T02:15:03Z,0,0,0
678,171.97.12.233,Address,Blocklist.de Apache IPs,4.0,70,2021-08-02T02:15:03Z,0,0,0
679,35.184.131.94,Address,Blocklist.de Apache IPs,4.0,70,2021-08-02T02:15:03Z,0,0,0
680,42.108.4.68,Address,Blocklist.de Apache IPs,4.0,70,2021-08-02T02:15:03Z,0,0,0
681,67.168.125.8,Address,Blocklist.de Apache IPs,4.0,70,2021-08-02T02:15:03Z,0,0,0
682,176.15.219.159,Address,Blocklist.de Apache IPs,4.0,70,2021-08-02T02:15:03Z,0,0,0
683,2003:c7:b710:ff00:8c0c:959d:31ec:5d5f,Address,Blocklist.de Apache IPs,4.0,70,2021-08-02T02:15:03Z,0,0,0
684,128.199.85.148,Address,Blocklist.de Apache IPs,4.0,70,2021-08-02T02:15:03Z,0,0,0
685,171.97.115.158,Address,Blocklist.de Apache IPs,4.0,70,2021-08-02T02:15:03Z,0,0,0
686,52.254.0.237,Address,Blocklist.de Apache IPs,4.0,70,2021-08-02T02:15:03Z,0,0,0
687,223.73.220.35,Address,Blocklist.de Apache IPs,4.0,70,2021-08-02T02:15:03Z,0,0,0
688,81.36.168.66,Address,Blocklist.de Apache IPs,4.0,70,2021-08-02T02:15:03Z,0,0,0
689,97.94.58.14,Address,Blocklist.de Apache IPs,4.0,70,2021-08-02T02:15:03Z,0,0,0
690,20.80.24.56,Address,Blocklist.de Apache IPs,4.0,70,2021-08-02T02:15:03Z,0,0,0
691,171.97.128.125,Address,Blocklist.de Apache IPs,4.0,70,2021-08-02T02:15:03Z,0,0,0
692,124.121.5.184,Address,Blocklist.de Apache IPs,4.0,70,2021-08-02T02:15:03Z,0,0,0
693,58.136.190.121,Address,Blocklist.de Apache IPs,4.0,70,2021-08-02T02:15:03Z,0,0,0
694,112.194.204.84,Address,Blocklist.de Apache IPs,4.0,70,2021-08-02T02:15:03Z,0,0,0
695,190.120.106.209,Address,Blocklist.de Apache IPs,4.0,70,2021-08-02T02:15:03Z,0,0,0
696,171.101.231.126,Address,Blocklist.de Apache IPs,4.0,70,2021-08-02T02:15:03Z,0,0,0
697,98.228.197.54,Address,Blocklist.de Apache IPs,4.0,70,2021-08-02T02:15:03Z,0,0,0
698,172.90.185.209,Address,Blocklist.de Apache IPs,4.0,70,2021-08-02T02:15:03Z,0,0,0
699,171.97.115.72,Address,Blocklist.de Apache IPs,4.0,70,2021-08-02T02:15:03Z,0,0,0
700,88.248.250.143,Address,Blocklist.de Apache IPs,4.0,70,2021-08-02T02:15:03Z,0,0,0
701,177.239.90.202,Address,Blocklist.de Apache IPs,4.0,70,2021-08-02T02:15:03Z,0,0,0
702,41.249.251.2,Address,Blocklist.de Apache IPs,4.0,70,2021-08-02T02:15:03Z,0,0,0
703,136.35.206.0,Address,Blocklist.de Apache IPs,4.0,70,2021-08-02T02:15:03Z,0,0,0
704,59.93.132.43,Address,Blocklist.de Apache IPs,4.0,70,2021-08-02T02:15:03Z,0,0,0
705,112.134.27.189,Address,Blocklist.de Apache IPs,4.0,70,2021-08-02T02:15:03Z,0,0,0
706,119.76.134.146,Address,Blocklist.de Apache IPs,4.0,70,2021-08-02T02:15:03Z,0,0,0
707,203.192.253.8,Address,Blocklist.de Apache IPs,4.0,70,2021-08-02T02:15:03Z,0,0,0
708,2001:ac8:22:11:0:0:6a23:efc6,Address,Blocklist.de Apache IPs,4.0,70,2021-08-02T02:15:03Z,0,0,0
709,77.247.110.72,Address,Blocklist.de Apache IPs,4.0,70,2021-08-02T02:15:03Z,0,0,0
710,157.107.226.2,Address,Blocklist.de Apache IPs,4.0,70,2021-08-02T02:15:03Z,0,0,0
711,42.110.246.173,Address,Blocklist.de Apache IPs,4.0,70,2021-08-02T02:15:03Z,0,0,0
712,136.158.31.40,Address,Blocklist.de Apache IPs,4.0,70,2021-08-02T02:15:03Z,0,0,0
713,124.122.66.154,Address,Blocklist.de Apache IPs,4.0,70,2021-08-02T02:15:03Z,0,0,0
714,83.110.215.241,Address,Blocklist.de Apache IPs,4.0,70,2021-08-02T02:15:03Z,0,0,0
715,171.101.226.252,Address,Blocklist.de Apache IPs,4.0,70,2021-08-02T02:15:03Z,0,0,0
716,124.122.202.132,Address,Blocklist.de Apache IPs,4.0,70,2021-08-02T02:15:03Z,0,0,0
717,124.236.51.237,Address,Blocklist.de Apache IPs,4.0,70,2021-08-02T02:15:03Z,0,0,0
718,171.101.218.33,Address,Blocklist.de Apache IPs,4.0,70,2021-08-02T02:15:03Z,0,0,0
719,112.194.204.104,Address,Blocklist.de Apache IPs,4.0,70,2021-08-02T02:15:03Z,0,0,0
720,118.41.211.56,Address,Blocklist.de Apache IPs,4.0,70,2021-08-02T02:15:03Z,0,0,0
721,85.242.94.5,Address,Blocklist.de Apache IPs,4.0,70,2021-08-02T02:15:03Z,0,0,0
722,24.18.239.89,Address,Blocklist.de Apache IPs,4.0,70,2021-08-02T02:15:03Z,0,0,0
723,110.169.175.173,Address,Blocklist.de Apache IPs,4.0,70,2021-08-02T02:15:03Z,0,0,0
724,171.96.101.64,Address,Blocklist.de Apache IPs,4.0,70,2021-08-02T02:15:03Z,0,0,0
725,31.223.78.232,Address,Blocklist.de Apache IPs,4.0,70,2021-08-02T02:15:03Z,0,0,0
726,95.88.225.6,Address,Blocklist.de Apache IPs,4.0,70,2021-08-02T02:15:03Z,0,0,0
727,112.134.198.38,Address,Blocklist.de Apache IPs,4.0,70,2021-08-02T02:15:03Z,0,0,0
728,20.38.9.162,Address,Blocklist.de Apache IPs,4.0,70,2021-08-02T02:15:03Z,0,0,0
729,79.239.90.90,Address,Blocklist.de Apache IPs,4.0,70,2021-08-02T02:15:03Z,0,0,0
730,218.78.93.54,Address,Blocklist.de Apache IPs,4.0,70,2021-08-02T02:15:03Z,0,0,0
731,171.101.228.206,Address,Blocklist.de Apache IPs,4.0,70,2021-08-02T02:15:03Z,0,0,0
732,39.52.7.72,Address,Blocklist.de Apache IPs,4.0,70,2021-08-02T02:15:03Z,0,0,0
733,202.152.54.83,Address,Blocklist.de Apache IPs,4.0,70,2021-08-02T02:15:03Z,0,0,0
734,223.247.139.189,Address,Blocklist.de Apache IPs,4.0,70,2021-08-02T02:15:03Z,0,0,0
735,84.17.50.137,Address,Blocklist.de Apache IPs,4.0,70,2021-08-02T02:15:03Z,0,0,0
736,45.131.194.162,Address,Blocklist.de Apache IPs,4.0,70,2021-08-02T02:15:03Z,0,0,0
737,59.115.207.246,Address,Blocklist.de Apache IPs,4.0,70,2021-08-02T02:15:03Z,0,0,0
738,199.168.102.130,Address,Blocklist.de Apache IPs,4.0,70,2021-08-02T02:15:03Z,0,0,0
739,110.169.175.193,Address,Blocklist.de Apache IPs,4.0,70,2021-08-02T02:15:03Z,0,0,0
740,110.235.217.72,Address,Blocklist.de Apache IPs,4.0,70,2021-08-02T02:15:03Z,0,0,0
741,35.198.229.229,Address,Blocklist.de Apache IPs,4.0,70,2021-08-02T02:15:03Z,0,0,0
742,171.101.217.69,Address,Blocklist.de Apache IPs,4.0,70,2021-08-02T02:15:03Z,0,0,0
743,124.120.171.201,Address,Blocklist.de Apache IPs,4.0,70,2021-08-02T02:15:03Z,0,0,0
744,177.99.235.37,Address,Blocklist.de Apache IPs,4.0,70,2021-08-02T02:15:03Z,0,0,0
745,198.98.49.93,Address,Blocklist.de Apache IPs,4.0,70,2021-08-02T02:15:03Z,0,0,0
746,18.222.21.244,Address,Blocklist.de Apache IPs,4.0,70,2021-08-02T02:15:03Z,0,0,0
747,114.98.225.175,Address,Blocklist.de Apache IPs,4.0,70,2021-08-02T02:15:03Z,0,0,0
748,143.244.172.9,Address,Blocklist.de Apache IPs,4.0,70,2021-08-02T02:15:03Z,0,0,0
749,217.227.82.26,Address,Blocklist.de Apache IPs,4.0,70,2021-08-02T02:15:03Z,0,0,0
750,91.62.50.24,Address,Blocklist.de Apache IPs,4.0,70,2021-08-02T02:15:03Z,0,0,0
751,111.94.8.229,Address,Blocklist.de Apache IPs,4.0,70,2021-08-02T02:15:03Z,0,0,0
752,91.67.12.73,Address,Blocklist.de Apache IPs,4.0,70,2021-08-02T02:15:03Z,0,0,0
753,122.230.2.39,Address,Blocklist.de Apache IPs,4.0,70,2021-08-02T02:15:03Z,0,0,0
754,78.106.186.75,Address,Blocklist.de Apache IPs,4.0,70,2021-08-02T02:15:03Z,0,0,0
755,42.108.4.50,Address,Blocklist.de Apache IPs,4.0,70,2021-08-02T02:15:03Z,0,0,0
756,87.116.161.203,Address,Blocklist.de Apache IPs,4.0,70,2021-08-02T02:15:03Z,0,0,0
757,91.64.196.16,Address,Blocklist.de Apache IPs,4.0,70,2021-08-02T02:15:03Z,0,0,0
758,50.116.48.228,Address,Blocklist.de Apache IPs,4.0,70,2021-08-02T02:15:03Z,0,0,0
759,188.195.184.189,Address,Blocklist.de Apache IPs,4.0,70,2021-08-02T02:15:03Z,0,0,0
760,124.121.134.174,Address,Blocklist.de Apache IPs,4.0,70,2021-08-02T02:15:03Z,0,0,0
761,23.112.36.222,Address,Blocklist.de Apache IPs,4.0,70,2021-08-02T02:15:03Z,0,0,0
762,39.52.3.155,Address,Blocklist.de Apache IPs,4.0,70,2021-08-02T02:15:03Z,0,0,0
763,131.0.31.185,Address,Blocklist.de Apache IPs,4.0,70,2021-08-02T02:15:03Z,0,0,0
764,58.8.85.92,Address,Blocklist.de Apache IPs,4.0,70,2021-08-02T02:15:03Z,0,0,0
765,223.247.207.19,Address,Blocklist.de Apache IPs,4.0,70,2021-08-02T02:15:03Z,0,0,0
766,216.12.119.3,Address,Blocklist.de Apache IPs,4.0,70,2021-08-02T02:15:03Z,0,0,0
767,50.66.173.104,Address,Blocklist.de Apache IPs,4.0,70,2021-08-02T02:15:03Z,0,0,0
768,73.170.183.218,Address,Blocklist.de Apache IPs,4.0,70,2021-08-02T02:15:03Z,0,0,0
769,124.121.182.47,Address,Blocklist.de Apache IPs,4.0,70,2021-08-02T02:15:03Z,0,0,0
770,124.120.140.22,Address,Blocklist.de Apache IPs,4.0,70,2021-08-02T02:15:03Z,0,0,0
771,37.76.216.16,Address,Blocklist.de Apache IPs,4.0,70,2021-08-02T02:15:03Z,0,0,0
772,84.220.215.121,Address,Blocklist.de Apache IPs,4.0,70,2021-08-02T02:15:03Z,0,0,0
773,54.219.163.28,Address,Blocklist.de Apache IPs,4.0,70,2021-08-02T02:15:03Z,0,0,0
774,124.121.95.158,Address,Blocklist.de Apache IPs,4.0,70,2021-08-02T02:15:03Z,0,0,0
775,124.120.170.133,Address,Blocklist.de Apache IPs,4.0,70,2021-08-02T02:15:03Z,0,0,0
776,144.217.139.27,Address,Blocklist.de Apache IPs,4.0,70,2021-08-02T02:15:03Z,0,0,0
777,124.121.95.133,Address,Blocklist.de Apache IPs,4.0,70,2021-08-02T02:15:03Z,0,0,0
778,98.196.94.89,Address,Blocklist.de Apache IPs,4.0,70,2021-08-02T02:15:03Z,0,0,0
779,83.39.229.98,Address,Blocklist.de Apache IPs,4.0,70,2021-08-02T02:15:03Z,0,0,0
780,27.145.61.55,Address,Blocklist.de Apache IPs,4.0,70,2021-08-02T02:15:03Z,0,0,0
781,223.247.206.196,Address,Blocklist.de Apache IPs,4.0,70,2021-08-02T02:15:03Z,0,0,0
782,171.97.123.90,Address,Blocklist.de Apache IPs,4.0,70,2021-08-02T02:15:03Z,0,0,0
783,65.20.156.82,Address,Blocklist.de Apache IPs,4.0,70,2021-08-02T02:15:03Z,0,0,0
784,117.40.198.163,Address,Blocklist.de Apache IPs,4.0,70,2021-08-02T02:15:03Z,0,0,0
785,39.52.19.27,Address,Blocklist.de Apache IPs,4.0,70,2021-08-02T02:15:03Z,0,0,0
786,58.56.182.66,Address,Blocklist.de Apache IPs,4.0,70,2021-08-02T02:15:03Z,0,0,0
787,110.168.26.86,Address,Blocklist.de Apache IPs,4.0,70,2021-08-02T02:15:03Z,0,0,0
788,79.73.216.208,Address,Blocklist.de Apache IPs,4.0,70,2021-08-02T02:15:03Z,0,0,0
789,102.252.68.39,Address,Blocklist.de Apache IPs,4.0,70,2021-08-02T02:15:03Z,0,0,0
790,115.84.77.145,Address,Blocklist.de Apache IPs,4.0,70,2021-08-02T02:15:03Z,0,0,0
791,107.150.31.13,Address,Blocklist.de Apache IPs,4.0,70,2021-08-02T02:15:03Z,0,0,0
792,2603:9001:3902:82eb:2550:4315:bf:d010,Address,Blocklist.de Apache IPs,4.0,70,2021-08-02T02:15:03Z,0,0,0
793,171.101.216.240,Address,Blocklist.de Apache IPs,4.0,70,2021-08-02T02:15:03Z,0,0,0
794,70.75.148.169,Address,Blocklist.de Apache IPs,4.0,70,2021-08-02T02:15:03Z,0,0,0
795,104.238.170.122,Address,Blocklist.de Apache IPs,4.0,70,2021-08-02T02:15:03Z,0,0,0
796,186.234.80.22,Address,Blocklist.de Apache IPs,4.0,70,2021-08-02T02:15:03Z,0,0,0
797,90.226.164.173,Address,Blocklist.de Apache IPs,4.0,70,2021-08-02T02:15:03Z,0,0,0
798,40.83.176.119,Address,Blocklist.de Apache IPs,4.0,70,2021-08-02T02:15:03Z,0,0,0
799,39.52.79.206,Address,Blocklist.de Apache IPs,4.0,70,2021-08-02T02:15:03Z,0,0,0
800,212.129.3.22,Address,Blocklist.de Apache IPs,4.0,70,2021-08-02T02:15:03Z,0,0,0
801,51.144.36.211,Address,Blocklist.de Apache IPs,4.0,70,2021-08-02T02:15:03Z,0,0,0
802,75.99.69.186,Address,Blocklist.de Apache IPs,4.0,70,2021-08-02T02:15:03Z,0,0,0
803,124.121.1.143,Address,Blocklist.de Apache IPs,4.0,70,2021-08-02T02:15:03Z,0,0,0
804,138.117.17.187,Address,Blocklist.de Apache IPs,4.0,70,2021-08-02T02:15:03Z,0,0,0
805,124.122.67.200,Address,Blocklist.de Apache IPs,4.0,70,2021-08-02T02:15:03Z,0,0,0
806,69.174.98.78,Address,Blocklist.de Apache IPs,4.0,70,2021-08-02T02:15:03Z,0,0,0
807,171.101.224.198,Address,Blocklist.de Apache IPs,4.0,70,2021-08-02T02:15:03Z,0,0,0
808,172.91.31.219,Address,Blocklist.de Apache IPs,4.0,70,2021-08-02T02:15:03Z,0,0,0
809,1.53.0.132,Address,Blocklist.de Apache IPs,4.0,70,2021-08-02T02:15:03Z,0,0,0
810,84.210.150.227,Address,Blocklist.de Apache IPs,4.0,70,2021-08-02T02:15:03Z,0,0,0
811,102.187.16.151,Address,Blocklist.de Apache IPs,4.0,70,2021-08-02T02:15:03Z,0,0,0
812,23.249.172.236,Address,Blocklist.de Apache IPs,4.0,70,2021-08-02T02:15:03Z,0,0,0
813,190.197.96.141,Address,Blocklist.de Apache IPs,4.0,70,2021-08-02T02:15:03Z,0,0,0
814,118.69.246.54,Address,Blocklist.de Apache IPs,4.0,70,2021-08-02T02:15:03Z,0,0,0
815,89.229.114.249,Address,Blocklist.de Apache IPs,4.0,70,2021-08-02T02:15:03Z,0,0,0
816,180.191.70.15,Address,Blocklist.de Apache IPs,4.0,70,2021-08-02T02:15:03Z,0,0,0
817,73.147.67.242,Address,Blocklist.de Apache IPs,4.0,70,2021-08-02T02:15:03Z,0,0,0
818,49.130.33.222,Address,Blocklist.de Apache IPs,4.0,70,2021-08-02T02:15:03Z,0,0,0
819,61.3.189.46,Address,Blocklist.de Apache IPs,4.0,70,2021-08-02T02:15:03Z,0,0,0
820,210.245.80.75,Address,Blocklist.de Apache IPs,4.0,70,2021-08-02T02:15:03Z,0,0,0
821,36.90.43.54,Address,Blocklist.de Apache IPs,4.0,70,2021-08-02T02:15:03Z,0,0,0
822,209.141.54.8,Address,Blocklist.de Apache IPs,4.0,70,2021-08-02T02:15:03Z,0,0,0
823,223.72.103.162,Address,Blocklist.de Apache IPs,4.0,70,2021-08-02T02:15:03Z,0,0,0
824,2600:8807:307:bc00:1089:25c3:3bc7:85e0,Address,Blocklist.de Apache IPs,4.0,70,2021-08-02T02:15:03Z,0,0,0
825,171.101.224.127,Address,Blocklist.de Apache IPs,4.0,70,2021-08-02T02:15:03Z,0,0,0
826,101.89.213.118,Address,Blocklist.de Apache IPs,4.0,70,2021-08-02T02:15:03Z,0,0,0
827,65.94.255.51,Address,Blocklist.de Apache IPs,4.0,70,2021-08-02T02:15:03Z,0,0,0
828,73.27.132.100,Address,Blocklist.de Apache IPs,4.0,70,2021-08-02T02:15:03Z,0,0,0
829,27.115.240.59,Address,Blocklist.de Apache IPs,4.0,70,2021-08-02T02:15:03Z,0,0,0
830,218.207.116.27,Address,Blocklist.de Apache IPs,4.0,70,2021-08-02T02:15:03Z,0,0,0
831,186.234.80.166,Address,Blocklist.de Apache IPs,4.0,70,2021-08-02T02:15:03Z,0,0,0
832,104.223.95.112,Address,Blocklist.de Apache IPs,4.0,70,2021-08-02T02:15:03Z,0,0,0
833,124.121.5.161,Address,Blocklist.de Apache IPs,4.0,70,2021-08-02T02:15:03Z,0,0,0
834,58.8.79.49,Address,Blocklist.de Apache IPs,4.0,70,2021-08-02T02:15:03Z,0,0,0
835,39.52.81.51,Address,Blocklist.de Apache IPs,4.0,70,2021-08-02T02:15:03Z,0,0,0
836,106.200.220.204,Address,Blocklist.de Apache IPs,4.0,70,2021-08-02T02:15:03Z,0,0,0
837,124.121.19.133,Address,Blocklist.de Apache IPs,4.0,70,2021-08-02T02:15:03Z,0,0,0
838,77.44.186.102,Address,Blocklist.de Apache IPs,4.0,70,2021-08-02T02:15:03Z,0,0,0
839,96.27.30.143,Address,Blocklist.de Apache IPs,4.0,70,2021-08-02T02:15:03Z,0,0,0
840,39.52.88.151,Address,Blocklist.de Apache IPs,4.0,70,2021-08-02T02:15:03Z,0,0,0
841,171.97.30.194,Address,Blocklist.de Apache IPs,4.0,70,2021-08-02T02:15:03Z,0,0,0
842,73.202.148.206,Address,Blocklist.de Apache IPs,4.0,70,2021-08-02T02:15:03Z,0,0,0
843,154.117.180.106,Address,Blocklist.de Apache IPs,4.0,70,2021-08-02T02:15:03Z,0,0,0
844,73.157.142.138,Address,Blocklist.de Apache IPs,4.0,70,2021-08-02T02:15:03Z,0,0,0
845,106.53.113.22,Address,Blocklist.de Apache IPs,4.0,70,2021-08-02T02:15:03Z,0,0,0
846,182.53.193.49,Address,Blocklist.de Apache IPs,4.0,70,2021-08-02T02:15:03Z,0,0,0
847,103.49.117.137,Address,Blocklist.de Apache IPs,4.0,70,2021-08-02T02:15:03Z,0,0,0
848,117.203.106.255,Address,Blocklist.de Apache IPs,4.0,70,2021-08-02T02:15:03Z,0,0,0
849,2003:c7:b710:ff00:9c18:9f00:d0d2:8447,Address,Blocklist.de Apache IPs,4.0,70,2021-08-02T02:15:03Z,0,0,0
850,58.56.177.150,Address,Blocklist.de Apache IPs,4.0,70,2021-08-02T02:15:03Z,0,0,0
851,39.52.100.126,Address,Blocklist.de Apache IPs,4.0,70,2021-08-02T02:15:03Z,0,0,0
852,60.167.162.11,Address,Blocklist.de Apache IPs,4.0,70,2021-08-02T02:15:03Z,0,0,0
853,218.78.71.135,Address,Blocklist.de Apache IPs,4.0,70,2021-08-02T02:15:03Z,0,0,0
854,104.61.85.105,Address,Blocklist.de Apache IPs,4.0,70,2021-08-02T02:15:03Z,0,0,0
855,171.101.226.42,Address,Blocklist.de Apache IPs,4.0,70,2021-08-02T02:15:03Z,0,0,0
856,121.121.185.234,Address,Blocklist.de Apache IPs,4.0,70,2021-08-02T02:15:03Z,0,0,0
857,112.198.97.35,Address,Blocklist.de Apache IPs,4.0,70,2021-08-02T02:15:03Z,0,0,0
858,186.234.80.23,Address,Blocklist.de Apache IPs,4.0,70,2021-08-02T02:15:03Z,0,0,0
859,176.231.174.116,Address,Blocklist.de Apache IPs,4.0,70,2021-08-02T02:15:03Z,0,0,0
860,185.165.116.13,Address,Blocklist.de Apache IPs,4.0,70,2021-08-02T02:15:03Z,0,0,0
861,94.224.174.146,Address,Blocklist.de Apache IPs,4.0,70,2021-08-02T02:15:03Z,0,0,0
862,102.252.68.19,Address,Blocklist.de Apache IPs,4.0,70,2021-08-02T02:15:03Z,0,0,0
863,171.101.5.223,Address,Blocklist.de Apache IPs,4.0,70,2021-08-02T02:15:03Z,0,0,0
864,58.8.84.127,Address,Blocklist.de Apache IPs,4.0,70,2021-08-02T02:15:03Z,0,0,0
865,124.120.30.141,Address,Blocklist.de Apache IPs,4.0,70,2021-08-02T02:15:03Z,0,0,0
866,117.201.193.48,Address,Blocklist.de Apache IPs,4.0,70,2021-08-02T02:15:03Z,0,0,0
867,186.43.9.189,Address,Blocklist.de Apache IPs,4.0,70,2021-08-02T02:15:03Z,0,0,0
868,187.0.45.112,Address,Blocklist.de Apache IPs,4.0,70,2021-08-02T02:15:03Z,0,0,0
869,73.97.29.66,Address,Blocklist.de Apache IPs,4.0,70,2021-08-02T02:15:03Z,0,0,0
870,198.204.225.194,Address,Blocklist.de Apache IPs,4.0,70,2021-08-02T02:15:03Z,0,0,0
871,49.228.154.143,Address,Blocklist.de Apache IPs,4.0,70,2021-08-02T02:15:03Z,0,0,0
872,46.99.88.108,Address,Blocklist.de Apache IPs,4.0,70,2021-08-02T02:15:03Z,0,0,0
873,122.224.158.58,Address,Blocklist.de Apache IPs,4.0,70,2021-08-02T02:15:03Z,0,0,0
874,27.5.63.8,Address,Blocklist.de Apache IPs,4.0,70,2021-08-02T02:15:03Z,0,0,0
875,119.45.183.229,Address,Blocklist.de SIP IPs,4.0,70,2021-08-02T08:15:02Z,0,0,0
876,108.218.199.206,Address,Blocklist.de SIP IPs,4.0,70,2021-08-02T08:15:02Z,0,0,0
877,149.129.172.74,Address,Blocklist.de SIP IPs,4.0,70,2021-08-02T08:15:02Z,0,0,0
878,144.202.115.96,Address,Blocklist.de SIP IPs,4.0,70,2021-08-02T08:15:02Z,0,0,0
879,62.141.42.106,Address,Blocklist.de SIP IPs,4.0,70,2021-08-02T08:15:02Z,0,0,0
880,1.15.189.150,Address,Blocklist.de SIP IPs,4.0,70,2021-08-02T08:15:02Z,0,0,0
881,36.134.182.29,Address,Blocklist.de SIP IPs,4.0,70,2021-08-02T08:15:02Z,0,0,0
882,119.65.3.170,Address,Blocklist.de SIP IPs,4.0,70,2021-08-02T08:15:02Z,0,0,0
883,188.128.39.113,Address,Blocklist.de SIP IPs,4.0,70,2021-08-02T08:15:02Z,0,0,0
884,154.221.21.216,Address,Blocklist.de SIP IPs,4.0,70,2021-08-02T08:15:02Z,0,0,0
885,20.39.226.188,Address,Blocklist.de SIP IPs,4.0,70,2021-08-02T08:15:02Z,0,0,0
886,82.156.215.180,Address,Blocklist.de SIP IPs,4.0,70,2021-08-02T08:15:02Z,0,0,0
887,111.229.147.12,Address,Blocklist.de SIP IPs,4.0,70,2021-08-02T08:15:02Z,0,0,0
888,81.68.232.133,Address,Blocklist.de SIP IPs,4.0,70,2021-08-02T08:15:02Z,0,0,0
889,144.91.109.119,Address,Blocklist.de SIP IPs,4.0,70,2021-08-02T08:15:02Z,0,0,0
890,45.183.172.1,Address,Blocklist.de SIP IPs,4.0,70,2021-08-02T08:15:02Z,0,0,0
891,115.159.191.199,Address,Blocklist.de SIP IPs,4.0,70,2021-08-02T08:15:02Z,0,0,0
892,129.204.67.113,Address,Blocklist.de SIP IPs,4.0,70,2021-08-02T08:15:02Z,0,0,0
893,64.227.110.207,Address,Blocklist.de SIP IPs,4.0,70,2021-08-02T08:15:02Z,0,0,0
894,81.70.215.187,Address,Blocklist.de SIP IPs,4.0,70,2021-08-02T08:15:02Z,0,0,0
895,120.48.18.178,Address,Blocklist.de SIP IPs,4.0,70,2021-08-02T08:15:02Z,0,0,0
896,91.132.58.93,Address,Blocklist.de SIP IPs,4.0,70,2021-08-02T08:15:02Z,0,0,0
897,103.116.87.26,Address,Blocklist.de SIP IPs,4.0,70,2021-08-02T08:15:02Z,0,0,0
898,188.161.26.233,Address,Blocklist.de SIP IPs,4.0,70,2021-08-02T08:15:02Z,0,0,0
899,187.9.78.166,Address,Blocklist.de SIP IPs,4.0,70,2021-08-02T08:15:02Z,0,0,0
900,182.61.21.155,Address,Blocklist.de SIP IPs,4.0,70,2021-08-02T08:15:02Z,0,0,0
901,111.92.116.5,Address,Blocklist.de SIP IPs,4.0,70,2021-08-02T08:15:02Z,0,0,0
902,85.17.147.151,Address,Blocklist.de SIP IPs,4.0,70,2021-08-02T08:15:02Z,0,0,0
903,187.1.184.43,Address,Blocklist.de SIP IPs,4.0,70,2021-08-02T08:15:02Z,0,0,0
904,107.172.86.104,Address,Blocklist.de SIP IPs,4.0,70,2021-08-02T08:15:02Z,0,0,0
905,188.254.0.2,Address,Blocklist.de SIP IPs,4.0,70,2021-08-02T08:15:02Z,0,0,0
906,106.13.237.151,Address,Blocklist.de SIP IPs,4.0,70,2021-08-02T08:15:02Z,0,0,0
907,157.90.31.94,Address,Blocklist.de SIP IPs,4.0,70,2021-08-02T08:15:02Z,0,0,0
908,45.77.138.190,Address,Blocklist.de SIP IPs,4.0,70,2021-08-02T08:15:02Z,0,0,0
909,103.158.212.221,Address,Blocklist.de SIP IPs,4.0,70,2021-08-02T08:15:02Z,0,0,0
910,175.27.242.37,Address,Blocklist.de SIP IPs,4.0,70,2021-08-02T08:15:02Z,0,0,0
911,103.136.40.128,Address,Blocklist.de SIP IPs,4.0,70,2021-08-02T08:15:02Z,0,0,0
912,89.239.45.19,Address,Blocklist.de SIP IPs,4.0,70,2021-08-02T08:15:02Z,0,0,0
913,106.54.210.178,Address,Blocklist.de SIP IPs,4.0,70,2021-08-02T08:15:02Z,0,0,0
914,159.203.235.114,Address,Blocklist.de SIP IPs,4.0,70,2021-08-02T08:15:02Z,0,0,0
915,64.31.24.94,Address,Blocklist.de SIP IPs,4.0,70,2021-08-02T08:15:02Z,0,0,0
916,43.128.58.231,Address,Blocklist.de SIP IPs,4.0,70,2021-08-02T08:15:02Z,0,0,0
917,189.146.141.195,Address,Blocklist.de SIP IPs,4.0,70,2021-08-02T08:15:02Z,0,0,0
918,51.75.254.184,Address,Blocklist.de SIP IPs,4.0,70,2021-08-02T08:15:02Z,0,0,0
919,115.159.45.239,Address,Blocklist.de SIP IPs,4.0,70,2021-08-02T08:15:02Z,0,0,0
920,14.163.65.159,Address,Blocklist.de SIP IPs,4.0,70,2021-08-02T08:15:02Z,0,0,0
921,188.138.122.84,Address,Blocklist.de SIP IPs,4.0,70,2021-08-02T08:15:02Z,0,0,0
922,209.181.114.227,Address,Blocklist.de SIP IPs,4.0,70,2021-08-02T08:15:02Z,0,0,0
